# JMH version: 1.37
# VM version: JDK 17.0.19, OpenJDK 64-Bit Server VM, 17.0.19+10-LTS
# VM invoker: <HOME>/.local/share/mise/installs/java/zulu-17.66.19.0/bin/java
# VM options: <none>
# Blackhole mode: compiler (auto-detected, use -Djmh.blackhole.autoDetect=false to disable)
# Warmup: 5 iterations, 1 s each
# Measurement: 8 iterations, 1 s each
# Timeout: 10 min per iteration
# Threads: 1 thread, will synchronize iterations
# Benchmark mode: Throughput, ops/time
# Benchmark: io.github.agentic.spring.ai.benchmark.graph.GraphThroughputBenchmark.threads1

# Run progress: 0.00% complete, ETA 00:17:33
# Fork: 1 of 3
# Warmup Iteration   1: 14758.015 ops/s
# Warmup Iteration   2: 39889.368 ops/s
# Warmup Iteration   3: 42454.713 ops/s
# Warmup Iteration   4: 42513.917 ops/s
# Warmup Iteration   5: 42540.275 ops/s
Iteration   1: 42555.441 ops/s
                 gc.alloc.rate:      5888.977 MB/sec
                 gc.alloc.rate.norm: 145128.140 B/op
                 gc.count:           11.000 counts
                 gc.time:            6.000 ms

Iteration   2: 42542.095 ops/s
                 gc.alloc.rate:      5887.139 MB/sec
                 gc.alloc.rate.norm: 145128.236 B/op
                 gc.count:           12.000 counts
                 gc.time:            7.000 ms

Iteration   3: 42666.415 ops/s
                 gc.alloc.rate:      5904.509 MB/sec
                 gc.alloc.rate.norm: 145128.139 B/op
                 gc.count:           11.000 counts
                 gc.time:            7.000 ms

Iteration   4: 42626.459 ops/s
                 gc.alloc.rate:      5899.008 MB/sec
                 gc.alloc.rate.norm: 145128.139 B/op
                 gc.count:           11.000 counts
                 gc.time:            6.000 ms

Iteration   5: 42632.545 ops/s
                 gc.alloc.rate:      5899.598 MB/sec
                 gc.alloc.rate.norm: 145128.139 B/op
                 gc.count:           11.000 counts
                 gc.time:            7.000 ms

Iteration   6: 42616.647 ops/s
                 gc.alloc.rate:      5897.478 MB/sec
                 gc.alloc.rate.norm: 145128.139 B/op
                 gc.count:           11.000 counts
                 gc.time:            6.000 ms

Iteration   7: 42565.956 ops/s
                 gc.alloc.rate:      5890.581 MB/sec
                 gc.alloc.rate.norm: 145128.140 B/op
                 gc.count:           11.000 counts
                 gc.time:            6.000 ms

Iteration   8: 42582.915 ops/s
                 gc.alloc.rate:      5892.733 MB/sec
                 gc.alloc.rate.norm: 145128.331 B/op
                 gc.count:           11.000 counts
                 gc.time:            7.000 ms


# Run progress: 1.23% complete, ETA 00:24:33
# Fork: 2 of 3
# Warmup Iteration   1: 16750.386 ops/s
# Warmup Iteration   2: 39845.731 ops/s
# Warmup Iteration   3: 42395.212 ops/s
# Warmup Iteration   4: 42525.796 ops/s
# Warmup Iteration   5: 42569.650 ops/s
Iteration   1: 42592.816 ops/s
                 gc.alloc.rate:      5902.641 MB/sec
                 gc.alloc.rate.norm: 145336.139 B/op
                 gc.count:           11.000 counts
                 gc.time:            6.000 ms

Iteration   2: 42677.783 ops/s
                 gc.alloc.rate:      5914.506 MB/sec
                 gc.alloc.rate.norm: 145336.235 B/op
                 gc.count:           11.000 counts
                 gc.time:            7.000 ms

Iteration   3: 42612.244 ops/s
                 gc.alloc.rate:      5905.347 MB/sec
                 gc.alloc.rate.norm: 145336.139 B/op
                 gc.count:           11.000 counts
                 gc.time:            6.000 ms

Iteration   4: 42612.885 ops/s
                 gc.alloc.rate:      5905.342 MB/sec
                 gc.alloc.rate.norm: 145336.139 B/op
                 gc.count:           11.000 counts
                 gc.time:            7.000 ms

Iteration   5: 42598.568 ops/s
                 gc.alloc.rate:      5903.617 MB/sec
                 gc.alloc.rate.norm: 145336.138 B/op
                 gc.count:           11.000 counts
                 gc.time:            6.000 ms

Iteration   6: 42603.296 ops/s
                 gc.alloc.rate:      5904.159 MB/sec
                 gc.alloc.rate.norm: 145336.138 B/op
                 gc.count:           11.000 counts
                 gc.time:            6.000 ms

Iteration   7: 42661.159 ops/s
                 gc.alloc.rate:      5912.103 MB/sec
                 gc.alloc.rate.norm: 145336.139 B/op
                 gc.count:           12.000 counts
                 gc.time:            8.000 ms

Iteration   8: 42700.466 ops/s
                 gc.alloc.rate:      5917.581 MB/sec
                 gc.alloc.rate.norm: 145336.330 B/op
                 gc.count:           11.000 counts
                 gc.time:            6.000 ms


# Run progress: 2.47% complete, ETA 00:24:14
# Fork: 3 of 3
# Warmup Iteration   1: 16853.978 ops/s
# Warmup Iteration   2: 38857.014 ops/s
# Warmup Iteration   3: 41196.272 ops/s
# Warmup Iteration   4: 41341.586 ops/s
# Warmup Iteration   5: 41245.762 ops/s
Iteration   1: 41309.119 ops/s
                 gc.alloc.rate:      5724.809 MB/sec
                 gc.alloc.rate.norm: 145336.143 B/op
                 gc.count:           11.000 counts
                 gc.time:            7.000 ms

Iteration   2: 41361.404 ops/s
                 gc.alloc.rate:      5731.895 MB/sec
                 gc.alloc.rate.norm: 145336.242 B/op
                 gc.count:           10.000 counts
                 gc.time:            5.000 ms

Iteration   3: 41306.461 ops/s
                 gc.alloc.rate:      5724.529 MB/sec
                 gc.alloc.rate.norm: 145336.144 B/op
                 gc.count:           11.000 counts
                 gc.time:            7.000 ms

Iteration   4: 41186.536 ops/s
                 gc.alloc.rate:      5707.820 MB/sec
                 gc.alloc.rate.norm: 145336.143 B/op
                 gc.count:           11.000 counts
                 gc.time:            6.000 ms

Iteration   5: 41329.767 ops/s
                 gc.alloc.rate:      5727.486 MB/sec
                 gc.alloc.rate.norm: 145336.142 B/op
                 gc.count:           11.000 counts
                 gc.time:            6.000 ms

Iteration   6: 41327.303 ops/s
                 gc.alloc.rate:      5727.404 MB/sec
                 gc.alloc.rate.norm: 145336.143 B/op
                 gc.count:           10.000 counts
                 gc.time:            6.000 ms

Iteration   7: 41312.850 ops/s
                 gc.alloc.rate:      5724.919 MB/sec
                 gc.alloc.rate.norm: 145336.144 B/op
                 gc.count:           11.000 counts
                 gc.time:            7.000 ms

Iteration   8: 41291.362 ops/s
                 gc.alloc.rate:      5722.255 MB/sec
                 gc.alloc.rate.norm: 145336.341 B/op
                 gc.count:           11.000 counts
                 gc.time:            6.000 ms



Result "io.github.agentic.spring.ai.benchmark.graph.GraphThroughputBenchmark.threads1":
  42178.021 ±(99.9%) 487.298 ops/s [Average]
  (min, avg, max) = (41186.536, 42178.021, 42700.466), stdev = 633.625
  CI (99.9%): [41690.723, 42665.319] (assumes normal distribution)

Secondary result "io.github.agentic.spring.ai.benchmark.graph.GraphThroughputBenchmark.threads1:gc.alloc.rate":
  5842.351 ±(99.9%) 66.104 MB/sec [Average]
  (min, avg, max) = (5707.820, 5842.351, 5917.581), stdev = 85.954
  CI (99.9%): [5776.247, 5908.456] (assumes normal distribution)

Secondary result "io.github.agentic.spring.ai.benchmark.graph.GraphThroughputBenchmark.threads1:gc.alloc.rate.norm":
  145266.843 ±(99.9%) 77.031 B/op [Average]
  (min, avg, max) = (145128.139, 145266.843, 145336.341), stdev = 100.162
  CI (99.9%): [145189.812, 145343.874] (assumes normal distribution)

Secondary result "io.github.agentic.spring.ai.benchmark.graph.GraphThroughputBenchmark.threads1:gc.count":
  264.000 ±(99.9%) 0.001 counts [Sum]
  (min, avg, max) = (10.000, 11.000, 12.000), stdev = 0.417
  CI (99.9%): [264.000, 264.000] (assumes normal distribution)

Secondary result "io.github.agentic.spring.ai.benchmark.graph.GraphThroughputBenchmark.threads1:gc.time":
  154.000 ±(99.9%) 0.001 ms [Sum]
  (min, avg, max) = (5.000, 6.417, 8.000), stdev = 0.654
  CI (99.9%): [154.000, 154.000] (assumes normal distribution)


# JMH version: 1.37
# VM version: JDK 17.0.19, OpenJDK 64-Bit Server VM, 17.0.19+10-LTS
# VM invoker: <HOME>/.local/share/mise/installs/java/zulu-17.66.19.0/bin/java
# VM options: <none>
# Blackhole mode: compiler (auto-detected, use -Djmh.blackhole.autoDetect=false to disable)
# Warmup: 5 iterations, 1 s each
# Measurement: 8 iterations, 1 s each
# Timeout: 10 min per iteration
# Threads: 4 threads, will synchronize iterations
# Benchmark mode: Throughput, ops/time
# Benchmark: io.github.agentic.spring.ai.benchmark.graph.GraphThroughputBenchmark.threads4

# Run progress: 3.70% complete, ETA 00:23:54
# Fork: 1 of 3
# Warmup Iteration   1: 30464.750 ops/s
# Warmup Iteration   2: 101277.852 ops/s
# Warmup Iteration   3: 105074.167 ops/s
# Warmup Iteration   4: 105501.527 ops/s
# Warmup Iteration   5: 105375.475 ops/s
Iteration   1: 105332.129 ops/s
                 gc.alloc.rate:      14553.100 MB/sec
                 gc.alloc.rate.norm: 144922.672 B/op
                 gc.count:           22.000 counts
                 gc.time:            13.000 ms

Iteration   2: 105462.363 ops/s
                 gc.alloc.rate:      14571.565 MB/sec
                 gc.alloc.rate.norm: 144922.934 B/op
                 gc.count:           22.000 counts
                 gc.time:            13.000 ms

Iteration   3: 104936.232 ops/s
                 gc.alloc.rate:      14499.880 MB/sec
                 gc.alloc.rate.norm: 144922.738 B/op
                 gc.count:           22.000 counts
                 gc.time:            13.000 ms

Iteration   4: 105501.143 ops/s
                 gc.alloc.rate:      14577.926 MB/sec
                 gc.alloc.rate.norm: 144922.984 B/op
                 gc.count:           22.000 counts
                 gc.time:            13.000 ms

Iteration   5: 105658.485 ops/s
                 gc.alloc.rate:      14599.200 MB/sec
                 gc.alloc.rate.norm: 144922.761 B/op
                 gc.count:           23.000 counts
                 gc.time:            14.000 ms

Iteration   6: 105628.293 ops/s
                 gc.alloc.rate:      14594.939 MB/sec
                 gc.alloc.rate.norm: 144923.242 B/op
                 gc.count:           22.000 counts
                 gc.time:            12.000 ms

Iteration   7: 105655.175 ops/s
                 gc.alloc.rate:      14599.211 MB/sec
                 gc.alloc.rate.norm: 144923.201 B/op
                 gc.count:           22.000 counts
                 gc.time:            13.000 ms

Iteration   8: 106008.265 ops/s
                 gc.alloc.rate:      14647.130 MB/sec
                 gc.alloc.rate.norm: 144923.381 B/op
                 gc.count:           22.000 counts
                 gc.time:            13.000 ms


# Run progress: 4.94% complete, ETA 00:23:36
# Fork: 2 of 3
# Warmup Iteration   1: 27631.788 ops/s
# Warmup Iteration   2: 105575.947 ops/s
# Warmup Iteration   3: 110349.130 ops/s
# Warmup Iteration   4: 111200.749 ops/s
# Warmup Iteration   5: 111467.330 ops/s
Iteration   1: 111131.234 ops/s
                 gc.alloc.rate:      15382.289 MB/sec
                 gc.alloc.rate.norm: 145177.832 B/op
                 gc.count:           24.000 counts
                 gc.time:            14.000 ms

Iteration   2: 111164.788 ops/s
                 gc.alloc.rate:      15387.582 MB/sec
                 gc.alloc.rate.norm: 145177.386 B/op
                 gc.count:           24.000 counts
                 gc.time:            14.000 ms

Iteration   3: 111074.271 ops/s
                 gc.alloc.rate:      15373.722 MB/sec
                 gc.alloc.rate.norm: 145177.316 B/op
                 gc.count:           24.000 counts
                 gc.time:            14.000 ms

Iteration   4: 111025.782 ops/s
                 gc.alloc.rate:      15364.638 MB/sec
                 gc.alloc.rate.norm: 145177.333 B/op
                 gc.count:           25.000 counts
                 gc.time:            14.000 ms

Iteration   5: 111148.332 ops/s
                 gc.alloc.rate:      15384.978 MB/sec
                 gc.alloc.rate.norm: 145177.081 B/op
                 gc.count:           24.000 counts
                 gc.time:            14.000 ms

Iteration   6: 111205.906 ops/s
                 gc.alloc.rate:      15392.609 MB/sec
                 gc.alloc.rate.norm: 145176.990 B/op
                 gc.count:           24.000 counts
                 gc.time:            14.000 ms

Iteration   7: 111091.014 ops/s
                 gc.alloc.rate:      15376.715 MB/sec
                 gc.alloc.rate.norm: 145176.798 B/op
                 gc.count:           24.000 counts
                 gc.time:            14.000 ms

Iteration   8: 111017.169 ops/s
                 gc.alloc.rate:      15347.256 MB/sec
                 gc.alloc.rate.norm: 145176.759 B/op
                 gc.count:           24.000 counts
                 gc.time:            14.000 ms


# Run progress: 6.17% complete, ETA 00:23:17
# Fork: 3 of 3
# Warmup Iteration   1: 36629.298 ops/s
# Warmup Iteration   2: 103935.890 ops/s
# Warmup Iteration   3: 107694.476 ops/s
# Warmup Iteration   4: 107686.809 ops/s
# Warmup Iteration   5: 107782.998 ops/s
Iteration   1: 107891.104 ops/s
                 gc.alloc.rate:      14919.942 MB/sec
                 gc.alloc.rate.norm: 145038.257 B/op
                 gc.count:           17.000 counts
                 gc.time:            10.000 ms

Iteration   2: 102800.787 ops/s
                 gc.alloc.rate:      14215.442 MB/sec
                 gc.alloc.rate.norm: 145037.935 B/op
                 gc.count:           17.000 counts
                 gc.time:            10.000 ms

Iteration   3: 107992.261 ops/s
                 gc.alloc.rate:      14933.758 MB/sec
                 gc.alloc.rate.norm: 145038.106 B/op
                 gc.count:           18.000 counts
                 gc.time:            11.000 ms

Iteration   4: 108212.513 ops/s
                 gc.alloc.rate:      14964.127 MB/sec
                 gc.alloc.rate.norm: 145038.300 B/op
                 gc.count:           18.000 counts
                 gc.time:            11.000 ms

Iteration   5: 108042.916 ops/s
                 gc.alloc.rate:      14940.783 MB/sec
                 gc.alloc.rate.norm: 145038.255 B/op
                 gc.count:           18.000 counts
                 gc.time:            10.000 ms

Iteration   6: 108152.450 ops/s
                 gc.alloc.rate:      14955.660 MB/sec
                 gc.alloc.rate.norm: 145038.841 B/op
                 gc.count:           17.000 counts
                 gc.time:            11.000 ms

Iteration   7: 108447.326 ops/s
                 gc.alloc.rate:      14995.443 MB/sec
                 gc.alloc.rate.norm: 145038.632 B/op
                 gc.count:           18.000 counts
                 gc.time:            10.000 ms

Iteration   8: 108315.210 ops/s
                 gc.alloc.rate:      14978.557 MB/sec
                 gc.alloc.rate.norm: 145038.459 B/op
                 gc.count:           18.000 counts
                 gc.time:            11.000 ms



Result "io.github.agentic.spring.ai.benchmark.graph.GraphThroughputBenchmark.threads4":
  108037.298 ±(99.9%) 1992.709 ops/s [Average]
  (min, avg, max) = (102800.787, 108037.298, 111205.906), stdev = 2591.085
  CI (99.9%): [106044.589, 110030.007] (assumes normal distribution)

Secondary result "io.github.agentic.spring.ai.benchmark.graph.GraphThroughputBenchmark.threads4:gc.alloc.rate":
  14939.852 ±(99.9%) 282.435 MB/sec [Average]
  (min, avg, max) = (14215.442, 14939.852, 15392.609), stdev = 367.246
  CI (99.9%): [14657.417, 15222.287] (assumes normal distribution)

Secondary result "io.github.agentic.spring.ai.benchmark.graph.GraphThroughputBenchmark.threads4:gc.alloc.rate.norm":
  145046.175 ±(99.9%) 81.643 B/op [Average]
  (min, avg, max) = (144922.672, 145046.175, 145177.832), stdev = 106.159
  CI (99.9%): [144964.532, 145127.818] (assumes normal distribution)

Secondary result "io.github.agentic.spring.ai.benchmark.graph.GraphThroughputBenchmark.threads4:gc.count":
  511.000 ±(99.9%) 0.001 counts [Sum]
  (min, avg, max) = (17.000, 21.292, 25.000), stdev = 2.805
  CI (99.9%): [511.000, 511.000] (assumes normal distribution)

Secondary result "io.github.agentic.spring.ai.benchmark.graph.GraphThroughputBenchmark.threads4:gc.time":
  300.000 ±(99.9%) 0.001 ms [Sum]
  (min, avg, max) = (10.000, 12.500, 14.000), stdev = 1.560
  CI (99.9%): [300.000, 300.000] (assumes normal distribution)


# JMH version: 1.37
# VM version: JDK 17.0.19, OpenJDK 64-Bit Server VM, 17.0.19+10-LTS
# VM invoker: <HOME>/.local/share/mise/installs/java/zulu-17.66.19.0/bin/java
# VM options: <none>
# Blackhole mode: compiler (auto-detected, use -Djmh.blackhole.autoDetect=false to disable)
# Warmup: 5 iterations, 1 s each
# Measurement: 8 iterations, 1 s each
# Timeout: 10 min per iteration
# Threads: 8 threads, will synchronize iterations
# Benchmark mode: Throughput, ops/time
# Benchmark: io.github.agentic.spring.ai.benchmark.graph.GraphThroughputBenchmark.threads8

# Run progress: 7.41% complete, ETA 00:22:59
# Fork: 1 of 3
# Warmup Iteration   1: 21461.003 ops/s
# Warmup Iteration   2: 85098.095 ops/s
# Warmup Iteration   3: 99727.102 ops/s
# Warmup Iteration   4: 99676.956 ops/s
# Warmup Iteration   5: 99994.181 ops/s
Iteration   1: 99918.595 ops/s
                 gc.alloc.rate:      13812.814 MB/sec
                 gc.alloc.rate.norm: 145006.438 B/op
                 gc.count:           21.000 counts
                 gc.time:            13.000 ms

Iteration   2: 99668.049 ops/s
                 gc.alloc.rate:      13778.823 MB/sec
                 gc.alloc.rate.norm: 145006.290 B/op
                 gc.count:           22.000 counts
                 gc.time:            13.000 ms

Iteration   3: 100009.806 ops/s
                 gc.alloc.rate:      13824.926 MB/sec
                 gc.alloc.rate.norm: 145006.562 B/op
                 gc.count:           21.000 counts
                 gc.time:            13.000 ms

Iteration   4: 99780.812 ops/s
                 gc.alloc.rate:      13793.501 MB/sec
                 gc.alloc.rate.norm: 145006.361 B/op
                 gc.count:           22.000 counts
                 gc.time:            13.000 ms

Iteration   5: 99935.858 ops/s
                 gc.alloc.rate:      13813.720 MB/sec
                 gc.alloc.rate.norm: 145006.485 B/op
                 gc.count:           21.000 counts
                 gc.time:            12.000 ms

Iteration   6: 99863.286 ops/s
                 gc.alloc.rate:      13804.802 MB/sec
                 gc.alloc.rate.norm: 145006.617 B/op
                 gc.count:           22.000 counts
                 gc.time:            13.000 ms

Iteration   7: 100034.953 ops/s
                 gc.alloc.rate:      13826.834 MB/sec
                 gc.alloc.rate.norm: 145006.639 B/op
                 gc.count:           21.000 counts
                 gc.time:            13.000 ms

Iteration   8: 99564.546 ops/s
                 gc.alloc.rate:      13762.578 MB/sec
                 gc.alloc.rate.norm: 145006.438 B/op
                 gc.count:           22.000 counts
                 gc.time:            13.000 ms


# Run progress: 8.64% complete, ETA 00:22:40
# Fork: 2 of 3
# Warmup Iteration   1: 21789.245 ops/s
# Warmup Iteration   2: 93008.653 ops/s
# Warmup Iteration   3: 107065.288 ops/s
# Warmup Iteration   4: 107588.000 ops/s
# Warmup Iteration   5: 104583.969 ops/s
Iteration   1: 105954.787 ops/s
                 gc.alloc.rate:      14809.874 MB/sec
                 gc.alloc.rate.norm: 146620.983 B/op
                 gc.count:           27.000 counts
                 gc.time:            16.000 ms

Iteration   2: 97717.310 ops/s
                 gc.alloc.rate:      13659.482 MB/sec
                 gc.alloc.rate.norm: 146617.400 B/op
                 gc.count:           25.000 counts
                 gc.time:            15.000 ms

Iteration   3: 104977.021 ops/s
                 gc.alloc.rate:      14671.631 MB/sec
                 gc.alloc.rate.norm: 146620.269 B/op
                 gc.count:           26.000 counts
                 gc.time:            15.000 ms

Iteration   4: 104886.049 ops/s
                 gc.alloc.rate:      14658.614 MB/sec
                 gc.alloc.rate.norm: 146620.174 B/op
                 gc.count:           26.000 counts
                 gc.time:            15.000 ms

Iteration   5: 106999.666 ops/s
                 gc.alloc.rate:      14955.869 MB/sec
                 gc.alloc.rate.norm: 146621.568 B/op
                 gc.count:           27.000 counts
                 gc.time:            16.000 ms

Iteration   6: 107566.896 ops/s
                 gc.alloc.rate:      15035.352 MB/sec
                 gc.alloc.rate.norm: 146621.870 B/op
                 gc.count:           27.000 counts
                 gc.time:            16.000 ms

Iteration   7: 94886.817 ops/s
                 gc.alloc.rate:      13262.104 MB/sec
                 gc.alloc.rate.norm: 146618.307 B/op
                 gc.count:           23.000 counts
                 gc.time:            30.000 ms

Iteration   8: 106689.386 ops/s
                 gc.alloc.rate:      14911.252 MB/sec
                 gc.alloc.rate.norm: 146620.760 B/op
                 gc.count:           22.000 counts
                 gc.time:            13.000 ms


# Run progress: 9.88% complete, ETA 00:22:22
# Fork: 3 of 3
# Warmup Iteration   1: 24258.683 ops/s
# Warmup Iteration   2: 77343.777 ops/s
# Warmup Iteration   3: 96139.053 ops/s
# Warmup Iteration   4: 96716.130 ops/s
# Warmup Iteration   5: 83172.414 ops/s
Iteration   1: 88864.302 ops/s
                 gc.alloc.rate:      12335.289 MB/sec
                 gc.alloc.rate.norm: 145601.783 B/op
                 gc.count:           22.000 counts
                 gc.time:            14.000 ms

Iteration   2: 102903.609 ops/s
                 gc.alloc.rate:      14284.271 MB/sec
                 gc.alloc.rate.norm: 145604.825 B/op
                 gc.count:           26.000 counts
                 gc.time:            15.000 ms

Iteration   3: 100935.885 ops/s
                 gc.alloc.rate:      14009.737 MB/sec
                 gc.alloc.rate.norm: 145603.709 B/op
                 gc.count:           24.000 counts
                 gc.time:            15.000 ms

Iteration   4: 101797.198 ops/s
                 gc.alloc.rate:      14129.307 MB/sec
                 gc.alloc.rate.norm: 145603.879 B/op
                 gc.count:           25.000 counts
                 gc.time:            15.000 ms

Iteration   5: 102401.042 ops/s
                 gc.alloc.rate:      14214.511 MB/sec
                 gc.alloc.rate.norm: 145604.167 B/op
                 gc.count:           26.000 counts
                 gc.time:            15.000 ms

Iteration   6: 102645.479 ops/s
                 gc.alloc.rate:      14247.592 MB/sec
                 gc.alloc.rate.norm: 145604.071 B/op
                 gc.count:           25.000 counts
                 gc.time:            14.000 ms

Iteration   7: 102065.942 ops/s
                 gc.alloc.rate:      14166.825 MB/sec
                 gc.alloc.rate.norm: 145604.190 B/op
                 gc.count:           25.000 counts
                 gc.time:            15.000 ms

Iteration   8: 102077.927 ops/s
                 gc.alloc.rate:      14170.167 MB/sec
                 gc.alloc.rate.norm: 145603.930 B/op
                 gc.count:           25.000 counts
                 gc.time:            15.000 ms



Result "io.github.agentic.spring.ai.benchmark.graph.GraphThroughputBenchmark.threads8":
  101339.384 ±(99.9%) 3132.886 ops/s [Average]
  (min, avg, max) = (88864.302, 101339.384, 107566.896), stdev = 4073.637
  CI (99.9%): [98206.498, 104472.270] (assumes normal distribution)

Secondary result "io.github.agentic.spring.ai.benchmark.graph.GraphThroughputBenchmark.threads8:gc.alloc.rate":
  14080.828 ±(99.9%) 459.479 MB/sec [Average]
  (min, avg, max) = (12335.289, 14080.828, 15035.352), stdev = 597.452
  CI (99.9%): [13621.350, 14540.307] (assumes normal distribution)

Secondary result "io.github.agentic.spring.ai.benchmark.graph.GraphThroughputBenchmark.threads8:gc.alloc.rate.norm":
  145743.488 ±(99.9%) 523.328 B/op [Average]
  (min, avg, max) = (145006.290, 145743.488, 146621.870), stdev = 680.475
  CI (99.9%): [145220.160, 146266.817] (assumes normal distribution)

Secondary result "io.github.agentic.spring.ai.benchmark.graph.GraphThroughputBenchmark.threads8:gc.count":
  573.000 ±(99.9%) 0.001 counts [Sum]
  (min, avg, max) = (21.000, 23.875, 27.000), stdev = 2.173
  CI (99.9%): [573.000, 573.000] (assumes normal distribution)

Secondary result "io.github.agentic.spring.ai.benchmark.graph.GraphThroughputBenchmark.threads8:gc.time":
  357.000 ±(99.9%) 0.001 ms [Sum]
  (min, avg, max) = (12.000, 14.875, 30.000), stdev = 3.430
  CI (99.9%): [357.000, 357.000] (assumes normal distribution)


# JMH version: 1.37
# VM version: JDK 17.0.19, OpenJDK 64-Bit Server VM, 17.0.19+10-LTS
# VM invoker: <HOME>/.local/share/mise/installs/java/zulu-17.66.19.0/bin/java
# VM options: <none>
# Blackhole mode: compiler (auto-detected, use -Djmh.blackhole.autoDetect=false to disable)
# Warmup: 5 iterations, 1 s each
# Measurement: 8 iterations, 1 s each
# Timeout: 10 min per iteration
# Threads: 1 thread, will synchronize iterations
# Benchmark mode: Average time, time/op
# Benchmark: io.github.agentic.spring.ai.benchmark.graph.ParallelCrossoverGraphBenchmark.parallel
# Parameters: (branches = 4, cpuTokens = 0)

# Run progress: 11.11% complete, ETA 00:22:03
# Fork: 1 of 3
# Warmup Iteration   1: 112.121 us/op
# Warmup Iteration   2: 51.833 us/op
# Warmup Iteration   3: 39.249 us/op
# Warmup Iteration   4: 31.710 us/op
# Warmup Iteration   5: 31.607 us/op
Iteration   1: 31.525 us/op
                 gc.alloc.rate:      2964.422 MB/sec
                 gc.alloc.rate.norm: 98005.759 B/op
                 gc.count:           7.000 counts
                 gc.time:            4.000 ms

Iteration   2: 30.848 us/op
                 gc.alloc.rate:      3028.530 MB/sec
                 gc.alloc.rate.norm: 97975.318 B/op
                 gc.count:           7.000 counts
                 gc.time:            4.000 ms

Iteration   3: 30.316 us/op
                 gc.alloc.rate:      3082.061 MB/sec
                 gc.alloc.rate.norm: 97986.199 B/op
                 gc.count:           7.000 counts
                 gc.time:            3.000 ms

Iteration   4: 30.200 us/op
                 gc.alloc.rate:      3091.987 MB/sec
                 gc.alloc.rate.norm: 97928.956 B/op
                 gc.count:           7.000 counts
                 gc.time:            4.000 ms

Iteration   5: 30.110 us/op
                 gc.alloc.rate:      3098.849 MB/sec
                 gc.alloc.rate.norm: 97855.138 B/op
                 gc.count:           7.000 counts
                 gc.time:            4.000 ms

Iteration   6: 31.540 us/op
                 gc.alloc.rate:      2958.271 MB/sec
                 gc.alloc.rate.norm: 97847.137 B/op
                 gc.count:           7.000 counts
                 gc.time:            3.000 ms

Iteration   7: 31.556 us/op
                 gc.alloc.rate:      2956.753 MB/sec
                 gc.alloc.rate.norm: 97845.462 B/op
                 gc.count:           6.000 counts
                 gc.time:            4.000 ms

Iteration   8: 30.705 us/op
                 gc.alloc.rate:      3038.880 MB/sec
                 gc.alloc.rate.norm: 97853.020 B/op
                 gc.count:           7.000 counts
                 gc.time:            3.000 ms


# Run progress: 12.35% complete, ETA 00:21:45
# Fork: 2 of 3
# Warmup Iteration   1: 89.730 us/op
# Warmup Iteration   2: 42.952 us/op
# Warmup Iteration   3: 33.553 us/op
# Warmup Iteration   4: 34.177 us/op
# Warmup Iteration   5: 32.778 us/op
Iteration   1: 32.774 us/op
                 gc.alloc.rate:      2849.036 MB/sec
                 gc.alloc.rate.norm: 97921.443 B/op
                 gc.count:           6.000 counts
                 gc.time:            4.000 ms

Iteration   2: 31.932 us/op
                 gc.alloc.rate:      2924.527 MB/sec
                 gc.alloc.rate.norm: 97933.084 B/op
                 gc.count:           7.000 counts
                 gc.time:            3.000 ms

Iteration   3: 30.950 us/op
                 gc.alloc.rate:      3017.323 MB/sec
                 gc.alloc.rate.norm: 97931.901 B/op
                 gc.count:           7.000 counts
                 gc.time:            4.000 ms

Iteration   4: 31.077 us/op
                 gc.alloc.rate:      3005.268 MB/sec
                 gc.alloc.rate.norm: 97941.584 B/op
                 gc.count:           7.000 counts
                 gc.time:            4.000 ms

Iteration   5: 32.121 us/op
                 gc.alloc.rate:      2907.070 MB/sec
                 gc.alloc.rate.norm: 97935.364 B/op
                 gc.count:           6.000 counts
                 gc.time:            3.000 ms

Iteration   6: 32.282 us/op
                 gc.alloc.rate:      2892.962 MB/sec
                 gc.alloc.rate.norm: 97938.110 B/op
                 gc.count:           7.000 counts
                 gc.time:            4.000 ms

Iteration   7: 32.060 us/op
                 gc.alloc.rate:      2912.887 MB/sec
                 gc.alloc.rate.norm: 97936.905 B/op
                 gc.count:           7.000 counts
                 gc.time:            4.000 ms

Iteration   8: 33.600 us/op
                 gc.alloc.rate:      2779.270 MB/sec
                 gc.alloc.rate.norm: 97927.858 B/op
                 gc.count:           6.000 counts
                 gc.time:            3.000 ms


# Run progress: 13.58% complete, ETA 00:21:27
# Fork: 3 of 3
# Warmup Iteration   1: 120.395 us/op
# Warmup Iteration   2: 42.699 us/op
# Warmup Iteration   3: 33.521 us/op
# Warmup Iteration   4: 32.932 us/op
# Warmup Iteration   5: 32.121 us/op
Iteration   1: 36.692 us/op
                 gc.alloc.rate:      2544.823 MB/sec
                 gc.alloc.rate.norm: 97921.549 B/op
                 gc.count:           5.000 counts
                 gc.time:            3.000 ms

Iteration   2: 34.210 us/op
                 gc.alloc.rate:      2729.587 MB/sec
                 gc.alloc.rate.norm: 97926.594 B/op
                 gc.count:           7.000 counts
                 gc.time:            3.000 ms

Iteration   3: 30.982 us/op
                 gc.alloc.rate:      3014.332 MB/sec
                 gc.alloc.rate.norm: 97939.711 B/op
                 gc.count:           6.000 counts
                 gc.time:            4.000 ms

Iteration   4: 30.674 us/op
                 gc.alloc.rate:      3044.619 MB/sec
                 gc.alloc.rate.norm: 97937.713 B/op
                 gc.count:           7.000 counts
                 gc.time:            4.000 ms

Iteration   5: 30.638 us/op
                 gc.alloc.rate:      3047.990 MB/sec
                 gc.alloc.rate.norm: 97935.163 B/op
                 gc.count:           7.000 counts
                 gc.time:            3.000 ms

Iteration   6: 32.161 us/op
                 gc.alloc.rate:      2903.407 MB/sec
                 gc.alloc.rate.norm: 97927.198 B/op
                 gc.count:           7.000 counts
                 gc.time:            4.000 ms

Iteration   7: 33.919 us/op
                 gc.alloc.rate:      2752.795 MB/sec
                 gc.alloc.rate.norm: 97923.368 B/op
                 gc.count:           6.000 counts
                 gc.time:            3.000 ms

Iteration   8: 32.033 us/op
                 gc.alloc.rate:      2915.234 MB/sec
                 gc.alloc.rate.norm: 97930.057 B/op
                 gc.count:           7.000 counts
                 gc.time:            4.000 ms



Result "io.github.agentic.spring.ai.benchmark.graph.ParallelCrossoverGraphBenchmark.parallel":
  31.871 ±(99.9%) 1.171 us/op [Average]
  (min, avg, max) = (30.110, 31.871, 36.692), stdev = 1.523
  CI (99.9%): [30.700, 33.043] (assumes normal distribution)

Secondary result "io.github.agentic.spring.ai.benchmark.graph.ParallelCrossoverGraphBenchmark.parallel:gc.alloc.rate":
  2935.870 ±(99.9%) 101.563 MB/sec [Average]
  (min, avg, max) = (2544.823, 2935.870, 3098.849), stdev = 132.060
  CI (99.9%): [2834.307, 3037.433] (assumes normal distribution)

Secondary result "io.github.agentic.spring.ai.benchmark.graph.ParallelCrossoverGraphBenchmark.parallel:gc.alloc.rate.norm":
  97925.191 ±(99.9%) 30.689 B/op [Average]
  (min, avg, max) = (97845.462, 97925.191, 98005.759), stdev = 39.904
  CI (99.9%): [97894.503, 97955.880] (assumes normal distribution)

Secondary result "io.github.agentic.spring.ai.benchmark.graph.ParallelCrossoverGraphBenchmark.parallel:gc.count":
  160.000 ±(99.9%) 0.001 counts [Sum]
  (min, avg, max) = (5.000, 6.667, 7.000), stdev = 0.565
  CI (99.9%): [160.000, 160.000] (assumes normal distribution)

Secondary result "io.github.agentic.spring.ai.benchmark.graph.ParallelCrossoverGraphBenchmark.parallel:gc.time":
  86.000 ±(99.9%) 0.001 ms [Sum]
  (min, avg, max) = (3.000, 3.583, 4.000), stdev = 0.504
  CI (99.9%): [86.000, 86.000] (assumes normal distribution)


# JMH version: 1.37
# VM version: JDK 17.0.19, OpenJDK 64-Bit Server VM, 17.0.19+10-LTS
# VM invoker: <HOME>/.local/share/mise/installs/java/zulu-17.66.19.0/bin/java
# VM options: <none>
# Blackhole mode: compiler (auto-detected, use -Djmh.blackhole.autoDetect=false to disable)
# Warmup: 5 iterations, 1 s each
# Measurement: 8 iterations, 1 s each
# Timeout: 10 min per iteration
# Threads: 1 thread, will synchronize iterations
# Benchmark mode: Average time, time/op
# Benchmark: io.github.agentic.spring.ai.benchmark.graph.ParallelCrossoverGraphBenchmark.parallel
# Parameters: (branches = 4, cpuTokens = 10000)

# Run progress: 14.81% complete, ETA 00:21:08
# Fork: 1 of 3
# Warmup Iteration   1: 237.798 us/op
# Warmup Iteration   2: 120.550 us/op
# Warmup Iteration   3: 91.982 us/op
# Warmup Iteration   4: 93.672 us/op
# Warmup Iteration   5: 90.817 us/op
Iteration   1: 93.349 us/op
                 gc.alloc.rate:      1003.493 MB/sec
                 gc.alloc.rate.norm: 98238.036 B/op
                 gc.count:           3.000 counts
                 gc.time:            2.000 ms

Iteration   2: 93.993 us/op
                 gc.alloc.rate:      996.663 MB/sec
                 gc.alloc.rate.norm: 98239.919 B/op
                 gc.count:           3.000 counts
                 gc.time:            1.000 ms

Iteration   3: 87.467 us/op
                 gc.alloc.rate:      1071.515 MB/sec
                 gc.alloc.rate.norm: 98285.197 B/op
                 gc.count:           4.000 counts
                 gc.time:            2.000 ms

Iteration   4: 85.725 us/op
                 gc.alloc.rate:      1093.316 MB/sec
                 gc.alloc.rate.norm: 98288.244 B/op
                 gc.count:           4.000 counts
                 gc.time:            2.000 ms

Iteration   5: 88.279 us/op
                 gc.alloc.rate:      1061.602 MB/sec
                 gc.alloc.rate.norm: 98281.775 B/op
                 gc.count:           3.000 counts
                 gc.time:            2.000 ms

Iteration   6: 87.722 us/op
                 gc.alloc.rate:      1068.220 MB/sec
                 gc.alloc.rate.norm: 98269.322 B/op
                 gc.count:           4.000 counts
                 gc.time:            2.000 ms

Iteration   7: 87.015 us/op
                 gc.alloc.rate:      1076.504 MB/sec
                 gc.alloc.rate.norm: 98235.539 B/op
                 gc.count:           4.000 counts
                 gc.time:            2.000 ms

Iteration   8: 88.614 us/op
                 gc.alloc.rate:      1057.031 MB/sec
                 gc.alloc.rate.norm: 98226.735 B/op
                 gc.count:           3.000 counts
                 gc.time:            1.000 ms


# Run progress: 16.05% complete, ETA 00:20:50
# Fork: 2 of 3
# Warmup Iteration   1: 198.018 us/op
# Warmup Iteration   2: 105.743 us/op
# Warmup Iteration   3: 86.169 us/op
# Warmup Iteration   4: 86.144 us/op
# Warmup Iteration   5: 86.077 us/op
Iteration   1: 85.602 us/op
                 gc.alloc.rate:      1094.734 MB/sec
                 gc.alloc.rate.norm: 98274.703 B/op
                 gc.count:           4.000 counts
                 gc.time:            2.000 ms

Iteration   2: 85.563 us/op
                 gc.alloc.rate:      1095.741 MB/sec
                 gc.alloc.rate.norm: 98322.671 B/op
                 gc.count:           3.000 counts
                 gc.time:            1.000 ms

Iteration   3: 85.623 us/op
                 gc.alloc.rate:      1094.961 MB/sec
                 gc.alloc.rate.norm: 98321.927 B/op
                 gc.count:           4.000 counts
                 gc.time:            2.000 ms

Iteration   4: 85.641 us/op
                 gc.alloc.rate:      1094.694 MB/sec
                 gc.alloc.rate.norm: 98321.372 B/op
                 gc.count:           4.000 counts
                 gc.time:            3.000 ms

Iteration   5: 91.254 us/op
                 gc.alloc.rate:      1027.254 MB/sec
                 gc.alloc.rate.norm: 98305.656 B/op
                 gc.count:           3.000 counts
                 gc.time:            1.000 ms

Iteration   6: 89.452 us/op
                 gc.alloc.rate:      1047.556 MB/sec
                 gc.alloc.rate.norm: 98270.200 B/op
                 gc.count:           4.000 counts
                 gc.time:            2.000 ms

Iteration   7: 88.021 us/op
                 gc.alloc.rate:      1064.540 MB/sec
                 gc.alloc.rate.norm: 98264.678 B/op
                 gc.count:           3.000 counts
                 gc.time:            1.000 ms

Iteration   8: 85.885 us/op
                 gc.alloc.rate:      1091.090 MB/sec
                 gc.alloc.rate.norm: 98270.550 B/op
                 gc.count:           4.000 counts
                 gc.time:            2.000 ms


# Run progress: 17.28% complete, ETA 00:20:31
# Fork: 3 of 3
# Warmup Iteration   1: 172.807 us/op
# Warmup Iteration   2: 94.454 us/op
# Warmup Iteration   3: 88.727 us/op
# Warmup Iteration   4: 88.334 us/op
# Warmup Iteration   5: 89.631 us/op
Iteration   1: 87.957 us/op
                 gc.alloc.rate:      1064.907 MB/sec
                 gc.alloc.rate.norm: 98236.349 B/op
                 gc.count:           4.000 counts
                 gc.time:            2.000 ms

Iteration   2: 89.308 us/op
                 gc.alloc.rate:      1049.247 MB/sec
                 gc.alloc.rate.norm: 98274.209 B/op
                 gc.count:           3.000 counts
                 gc.time:            1.000 ms

Iteration   3: 89.944 us/op
                 gc.alloc.rate:      1041.893 MB/sec
                 gc.alloc.rate.norm: 98277.685 B/op
                 gc.count:           4.000 counts
                 gc.time:            2.000 ms

Iteration   4: 89.962 us/op
                 gc.alloc.rate:      1041.678 MB/sec
                 gc.alloc.rate.norm: 98275.074 B/op
                 gc.count:           3.000 counts
                 gc.time:            2.000 ms

Iteration   5: 86.982 us/op
                 gc.alloc.rate:      1077.441 MB/sec
                 gc.alloc.rate.norm: 98287.535 B/op
                 gc.count:           4.000 counts
                 gc.time:            2.000 ms

Iteration   6: 86.889 us/op
                 gc.alloc.rate:      1078.254 MB/sec
                 gc.alloc.rate.norm: 98250.791 B/op
                 gc.count:           4.000 counts
                 gc.time:            2.000 ms

Iteration   7: 86.897 us/op
                 gc.alloc.rate:      1078.027 MB/sec
                 gc.alloc.rate.norm: 98239.584 B/op
                 gc.count:           3.000 counts
                 gc.time:            2.000 ms

Iteration   8: 86.873 us/op
                 gc.alloc.rate:      1078.334 MB/sec
                 gc.alloc.rate.norm: 98237.869 B/op
                 gc.count:           4.000 counts
                 gc.time:            2.000 ms



Result "io.github.agentic.spring.ai.benchmark.graph.ParallelCrossoverGraphBenchmark.parallel":
  88.084 ±(99.9%) 1.796 us/op [Average]
  (min, avg, max) = (85.563, 88.084, 93.993), stdev = 2.336
  CI (99.9%): [86.288, 89.880] (assumes normal distribution)

Secondary result "io.github.agentic.spring.ai.benchmark.graph.ParallelCrossoverGraphBenchmark.parallel:gc.alloc.rate":
  1064.529 ±(99.9%) 21.233 MB/sec [Average]
  (min, avg, max) = (996.663, 1064.529, 1095.741), stdev = 27.609
  CI (99.9%): [1043.296, 1085.762] (assumes normal distribution)

Secondary result "io.github.agentic.spring.ai.benchmark.graph.ParallelCrossoverGraphBenchmark.parallel:gc.alloc.rate.norm":
  98270.651 ±(99.9%) 22.092 B/op [Average]
  (min, avg, max) = (98226.735, 98270.651, 98322.671), stdev = 28.726
  CI (99.9%): [98248.559, 98292.743] (assumes normal distribution)

Secondary result "io.github.agentic.spring.ai.benchmark.graph.ParallelCrossoverGraphBenchmark.parallel:gc.count":
  86.000 ±(99.9%) 0.001 counts [Sum]
  (min, avg, max) = (3.000, 3.583, 4.000), stdev = 0.504
  CI (99.9%): [86.000, 86.000] (assumes normal distribution)

Secondary result "io.github.agentic.spring.ai.benchmark.graph.ParallelCrossoverGraphBenchmark.parallel:gc.time":
  43.000 ±(99.9%) 0.001 ms [Sum]
  (min, avg, max) = (1.000, 1.792, 3.000), stdev = 0.509
  CI (99.9%): [43.000, 43.000] (assumes normal distribution)


# JMH version: 1.37
# VM version: JDK 17.0.19, OpenJDK 64-Bit Server VM, 17.0.19+10-LTS
# VM invoker: <HOME>/.local/share/mise/installs/java/zulu-17.66.19.0/bin/java
# VM options: <none>
# Blackhole mode: compiler (auto-detected, use -Djmh.blackhole.autoDetect=false to disable)
# Warmup: 5 iterations, 1 s each
# Measurement: 8 iterations, 1 s each
# Timeout: 10 min per iteration
# Threads: 1 thread, will synchronize iterations
# Benchmark mode: Average time, time/op
# Benchmark: io.github.agentic.spring.ai.benchmark.graph.ParallelCrossoverGraphBenchmark.parallel
# Parameters: (branches = 4, cpuTokens = 100000)

# Run progress: 18.52% complete, ETA 00:20:13
# Fork: 1 of 3
# Warmup Iteration   1: 527.550 us/op
# Warmup Iteration   2: 397.997 us/op
# Warmup Iteration   3: 302.111 us/op
# Warmup Iteration   4: 283.434 us/op
# Warmup Iteration   5: 289.289 us/op
Iteration   1: 292.971 us/op
                 gc.alloc.rate:      320.360 MB/sec
                 gc.alloc.rate.norm: 98425.655 B/op
                 gc.count:           1.000 counts
                 gc.time:            2.000 ms

Iteration   2: 290.752 us/op
                 gc.alloc.rate:      322.780 MB/sec
                 gc.alloc.rate.norm: 98420.515 B/op
                 gc.count:           1.000 counts
                 gc.time:            2.000 ms

Iteration   3: 290.514 us/op
                 gc.alloc.rate:      323.065 MB/sec
                 gc.alloc.rate.norm: 98425.745 B/op
                 gc.count:           1.000 counts
                 gc.time:            2.000 ms

Iteration   4: 291.326 us/op
                 gc.alloc.rate:      322.142 MB/sec
                 gc.alloc.rate.norm: 98420.467 B/op
                 gc.count:           1.000 counts
                 gc.time:            2.000 ms

Iteration   5: 299.536 us/op
                 gc.alloc.rate:      313.669 MB/sec
                 gc.alloc.rate.norm: 98535.094 B/op
                 gc.count:           1.000 counts
                 gc.time:            2.000 ms

Iteration   6: 286.904 us/op
                 gc.alloc.rate:      327.439 MB/sec
                 gc.alloc.rate.norm: 98518.543 B/op
                 gc.count:           2.000 counts
                 gc.time:            3.000 ms

Iteration   7: 287.264 us/op
                 gc.alloc.rate:      326.714 MB/sec
                 gc.alloc.rate.norm: 98425.255 B/op
                 gc.count:           1.000 counts
                 gc.time:            2.000 ms

Iteration   8: 301.132 us/op
                 gc.alloc.rate:      311.667 MB/sec
                 gc.alloc.rate.norm: 98423.788 B/op
                 gc.count:           1.000 counts
                 gc.time:            3.000 ms


# Run progress: 19.75% complete, ETA 00:19:54
# Fork: 2 of 3
# Warmup Iteration   1: 542.001 us/op
# Warmup Iteration   2: 370.442 us/op
# Warmup Iteration   3: 306.618 us/op
# Warmup Iteration   4: 341.029 us/op
# Warmup Iteration   5: 316.470 us/op
Iteration   1: 286.930 us/op
                 gc.alloc.rate:      326.671 MB/sec
                 gc.alloc.rate.norm: 98297.497 B/op
                 gc.count:           1.000 counts
                 gc.time:            2.000 ms

Iteration   2: 280.932 us/op
                 gc.alloc.rate:      333.652 MB/sec
                 gc.alloc.rate.norm: 98297.405 B/op
                 gc.count:           1.000 counts
                 gc.time:            2.000 ms

Iteration   3: 277.433 us/op
                 gc.alloc.rate:      337.858 MB/sec
                 gc.alloc.rate.norm: 98297.415 B/op
                 gc.count:           1.000 counts
                 gc.time:            2.000 ms

Iteration   4: 296.256 us/op
                 gc.alloc.rate:      316.381 MB/sec
                 gc.alloc.rate.norm: 98297.643 B/op
                 gc.count:           1.000 counts
                 gc.time:            2.000 ms

Iteration   5: 287.760 us/op
                 gc.alloc.rate:      325.711 MB/sec
                 gc.alloc.rate.norm: 98297.417 B/op
                 gc.count:           1.000 counts
                 gc.time:            2.000 ms

Iteration   6: 286.666 us/op
                 gc.alloc.rate:      326.967 MB/sec
                 gc.alloc.rate.norm: 98297.625 B/op
                 gc.count:           1.000 counts
                 gc.time:            2.000 ms

Iteration   7: 316.429 us/op
                 gc.alloc.rate:      296.215 MB/sec
                 gc.alloc.rate.norm: 98294.958 B/op
                 gc.count:           1.000 counts
                 gc.time:            2.000 ms

Iteration   8: 296.893 us/op
                 gc.alloc.rate:      315.710 MB/sec
                 gc.alloc.rate.norm: 98297.609 B/op
                 gc.count:           1.000 counts
                 gc.time:            1.000 ms


# Run progress: 20.99% complete, ETA 00:19:36
# Fork: 3 of 3
# Warmup Iteration   1: 481.322 us/op
# Warmup Iteration   2: 343.431 us/op
# Warmup Iteration   3: 287.163 us/op
# Warmup Iteration   4: 276.079 us/op
# Warmup Iteration   5: 278.410 us/op
Iteration   1: 279.286 us/op
                 gc.alloc.rate:      336.054 MB/sec
                 gc.alloc.rate.norm: 98425.649 B/op
                 gc.count:           1.000 counts
                 gc.time:            2.000 ms

Iteration   2: 276.061 us/op
                 gc.alloc.rate:      339.978 MB/sec
                 gc.alloc.rate.norm: 98425.639 B/op
                 gc.count:           2.000 counts
                 gc.time:            4.000 ms

Iteration   3: 274.177 us/op
                 gc.alloc.rate:      342.321 MB/sec
                 gc.alloc.rate.norm: 98425.573 B/op
                 gc.count:           1.000 counts
                 gc.time:            2.000 ms

Iteration   4: 274.419 us/op
                 gc.alloc.rate:      342.010 MB/sec
                 gc.alloc.rate.norm: 98425.586 B/op
                 gc.count:           1.000 counts
                 gc.time:            2.000 ms

Iteration   5: 275.465 us/op
                 gc.alloc.rate:      340.707 MB/sec
                 gc.alloc.rate.norm: 98425.454 B/op
                 gc.count:           1.000 counts
                 gc.time:            2.000 ms

Iteration   6: 274.451 us/op
                 gc.alloc.rate:      341.976 MB/sec
                 gc.alloc.rate.norm: 98425.623 B/op
                 gc.count:           1.000 counts
                 gc.time:            2.000 ms

Iteration   7: 277.378 us/op
                 gc.alloc.rate:      338.350 MB/sec
                 gc.alloc.rate.norm: 98425.597 B/op
                 gc.count:           1.000 counts
                 gc.time:            2.000 ms

Iteration   8: 276.210 us/op
                 gc.alloc.rate:      339.796 MB/sec
                 gc.alloc.rate.norm: 98425.486 B/op
                 gc.count:           2.000 counts
                 gc.time:            4.000 ms



Result "io.github.agentic.spring.ai.benchmark.graph.ParallelCrossoverGraphBenchmark.parallel":
  286.548 ±(99.9%) 8.197 us/op [Average]
  (min, avg, max) = (274.177, 286.548, 316.429), stdev = 10.659
  CI (99.9%): [278.351, 294.745] (assumes normal distribution)

Secondary result "io.github.agentic.spring.ai.benchmark.graph.ParallelCrossoverGraphBenchmark.parallel:gc.alloc.rate":
  327.841 ±(99.9%) 9.162 MB/sec [Average]
  (min, avg, max) = (296.215, 327.841, 342.321), stdev = 11.913
  CI (99.9%): [318.679, 337.003] (assumes normal distribution)

Secondary result "io.github.agentic.spring.ai.benchmark.graph.ParallelCrossoverGraphBenchmark.parallel:gc.alloc.rate.norm":
  98390.718 ±(99.9%) 56.329 B/op [Average]
  (min, avg, max) = (98294.958, 98390.718, 98535.094), stdev = 73.244
  CI (99.9%): [98334.389, 98447.048] (assumes normal distribution)

Secondary result "io.github.agentic.spring.ai.benchmark.graph.ParallelCrossoverGraphBenchmark.parallel:gc.count":
  27.000 ±(99.9%) 0.001 counts [Sum]
  (min, avg, max) = (1.000, 1.125, 2.000), stdev = 0.338
  CI (99.9%): [27.000, 27.000] (assumes normal distribution)

Secondary result "io.github.agentic.spring.ai.benchmark.graph.ParallelCrossoverGraphBenchmark.parallel:gc.time":
  53.000 ±(99.9%) 0.001 ms [Sum]
  (min, avg, max) = (1.000, 2.208, 4.000), stdev = 0.658
  CI (99.9%): [53.000, 53.000] (assumes normal distribution)


# JMH version: 1.37
# VM version: JDK 17.0.19, OpenJDK 64-Bit Server VM, 17.0.19+10-LTS
# VM invoker: <HOME>/.local/share/mise/installs/java/zulu-17.66.19.0/bin/java
# VM options: <none>
# Blackhole mode: compiler (auto-detected, use -Djmh.blackhole.autoDetect=false to disable)
# Warmup: 5 iterations, 1 s each
# Measurement: 8 iterations, 1 s each
# Timeout: 10 min per iteration
# Threads: 1 thread, will synchronize iterations
# Benchmark mode: Average time, time/op
# Benchmark: io.github.agentic.spring.ai.benchmark.graph.ParallelCrossoverGraphBenchmark.parallel
# Parameters: (branches = 8, cpuTokens = 0)

# Run progress: 22.22% complete, ETA 00:19:18
# Fork: 1 of 3
# Warmup Iteration   1: 97.869 us/op
# Warmup Iteration   2: 42.693 us/op
# Warmup Iteration   3: 39.713 us/op
# Warmup Iteration   4: 39.328 us/op
# Warmup Iteration   5: 39.533 us/op
Iteration   1: 39.073 us/op
                 gc.alloc.rate:      3080.406 MB/sec
                 gc.alloc.rate.norm: 126221.163 B/op
                 gc.count:           7.000 counts
                 gc.time:            3.000 ms

Iteration   2: 38.905 us/op
                 gc.alloc.rate:      3093.752 MB/sec
                 gc.alloc.rate.norm: 126222.985 B/op
                 gc.count:           7.000 counts
                 gc.time:            4.000 ms

Iteration   3: 39.080 us/op
                 gc.alloc.rate:      3079.857 MB/sec
                 gc.alloc.rate.norm: 126221.721 B/op
                 gc.count:           7.000 counts
                 gc.time:            4.000 ms

Iteration   4: 39.132 us/op
                 gc.alloc.rate:      3075.797 MB/sec
                 gc.alloc.rate.norm: 126221.978 B/op
                 gc.count:           7.000 counts
                 gc.time:            3.000 ms

Iteration   5: 38.926 us/op
                 gc.alloc.rate:      3091.944 MB/sec
                 gc.alloc.rate.norm: 126223.243 B/op
                 gc.count:           7.000 counts
                 gc.time:            4.000 ms

Iteration   6: 38.935 us/op
                 gc.alloc.rate:      3091.182 MB/sec
                 gc.alloc.rate.norm: 126216.061 B/op
                 gc.count:           7.000 counts
                 gc.time:            4.000 ms

Iteration   7: 38.897 us/op
                 gc.alloc.rate:      3094.309 MB/sec
                 gc.alloc.rate.norm: 126221.016 B/op
                 gc.count:           7.000 counts
                 gc.time:            4.000 ms

Iteration   8: 38.914 us/op
                 gc.alloc.rate:      3093.019 MB/sec
                 gc.alloc.rate.norm: 126222.731 B/op
                 gc.count:           7.000 counts
                 gc.time:            3.000 ms


# Run progress: 23.46% complete, ETA 00:18:59
# Fork: 2 of 3
# Warmup Iteration   1: 94.483 us/op
# Warmup Iteration   2: 41.048 us/op
# Warmup Iteration   3: 39.427 us/op
# Warmup Iteration   4: 38.600 us/op
# Warmup Iteration   5: 38.643 us/op
Iteration   1: 38.312 us/op
                 gc.alloc.rate:      3140.732 MB/sec
                 gc.alloc.rate.norm: 126185.017 B/op
                 gc.count:           8.000 counts
                 gc.time:            4.000 ms

Iteration   2: 38.356 us/op
                 gc.alloc.rate:      3137.024 MB/sec
                 gc.alloc.rate.norm: 126188.413 B/op
                 gc.count:           7.000 counts
                 gc.time:            4.000 ms

Iteration   3: 38.502 us/op
                 gc.alloc.rate:      3125.264 MB/sec
                 gc.alloc.rate.norm: 126187.369 B/op
                 gc.count:           7.000 counts
                 gc.time:            4.000 ms

Iteration   4: 38.321 us/op
                 gc.alloc.rate:      3139.959 MB/sec
                 gc.alloc.rate.norm: 126189.968 B/op
                 gc.count:           7.000 counts
                 gc.time:            4.000 ms

Iteration   5: 38.368 us/op
                 gc.alloc.rate:      3136.171 MB/sec
                 gc.alloc.rate.norm: 126190.442 B/op
                 gc.count:           7.000 counts
                 gc.time:            4.000 ms

Iteration   6: 38.366 us/op
                 gc.alloc.rate:      3136.321 MB/sec
                 gc.alloc.rate.norm: 126188.559 B/op
                 gc.count:           7.000 counts
                 gc.time:            3.000 ms

Iteration   7: 38.313 us/op
                 gc.alloc.rate:      3140.688 MB/sec
                 gc.alloc.rate.norm: 126187.730 B/op
                 gc.count:           7.000 counts
                 gc.time:            4.000 ms

Iteration   8: 38.371 us/op
                 gc.alloc.rate:      3136.020 MB/sec
                 gc.alloc.rate.norm: 126193.512 B/op
                 gc.count:           8.000 counts
                 gc.time:            4.000 ms


# Run progress: 24.69% complete, ETA 00:18:41
# Fork: 3 of 3
# Warmup Iteration   1: 95.496 us/op
# Warmup Iteration   2: 43.639 us/op
# Warmup Iteration   3: 39.898 us/op
# Warmup Iteration   4: 39.479 us/op
# Warmup Iteration   5: 39.445 us/op
Iteration   1: 39.358 us/op
                 gc.alloc.rate:      3057.870 MB/sec
                 gc.alloc.rate.norm: 126211.453 B/op
                 gc.count:           7.000 counts
                 gc.time:            4.000 ms

Iteration   2: 39.596 us/op
                 gc.alloc.rate:      3039.056 MB/sec
                 gc.alloc.rate.norm: 126196.216 B/op
                 gc.count:           6.000 counts
                 gc.time:            4.000 ms

Iteration   3: 39.511 us/op
                 gc.alloc.rate:      3045.388 MB/sec
                 gc.alloc.rate.norm: 126189.541 B/op
                 gc.count:           7.000 counts
                 gc.time:            3.000 ms

Iteration   4: 39.574 us/op
                 gc.alloc.rate:      3040.879 MB/sec
                 gc.alloc.rate.norm: 126201.026 B/op
                 gc.count:           7.000 counts
                 gc.time:            4.000 ms

Iteration   5: 39.515 us/op
                 gc.alloc.rate:      3045.154 MB/sec
                 gc.alloc.rate.norm: 126195.146 B/op
                 gc.count:           7.000 counts
                 gc.time:            4.000 ms

Iteration   6: 39.403 us/op
                 gc.alloc.rate:      3053.860 MB/sec
                 gc.alloc.rate.norm: 126189.886 B/op
                 gc.count:           7.000 counts
                 gc.time:            4.000 ms

Iteration   7: 39.335 us/op
                 gc.alloc.rate:      3059.160 MB/sec
                 gc.alloc.rate.norm: 126193.082 B/op
                 gc.count:           7.000 counts
                 gc.time:            4.000 ms

Iteration   8: 39.364 us/op
                 gc.alloc.rate:      3057.014 MB/sec
                 gc.alloc.rate.norm: 126196.769 B/op
                 gc.count:           7.000 counts
                 gc.time:            4.000 ms



Result "io.github.agentic.spring.ai.benchmark.graph.ParallelCrossoverGraphBenchmark.parallel":
  38.934 ±(99.9%) 0.358 us/op [Average]
  (min, avg, max) = (38.312, 38.934, 39.596), stdev = 0.465
  CI (99.9%): [38.577, 39.292] (assumes normal distribution)

Secondary result "io.github.agentic.spring.ai.benchmark.graph.ParallelCrossoverGraphBenchmark.parallel:gc.alloc.rate":
  3091.284 ±(99.9%) 28.362 MB/sec [Average]
  (min, avg, max) = (3039.056, 3091.284, 3140.732), stdev = 36.878
  CI (99.9%): [3062.923, 3119.646] (assumes normal distribution)

Secondary result "io.github.agentic.spring.ai.benchmark.graph.ParallelCrossoverGraphBenchmark.parallel:gc.alloc.rate.norm":
  126202.293 ±(99.9%) 11.379 B/op [Average]
  (min, avg, max) = (126185.017, 126202.293, 126223.243), stdev = 14.796
  CI (99.9%): [126190.914, 126213.672] (assumes normal distribution)

Secondary result "io.github.agentic.spring.ai.benchmark.graph.ParallelCrossoverGraphBenchmark.parallel:gc.count":
  169.000 ±(99.9%) 0.001 counts [Sum]
  (min, avg, max) = (6.000, 7.042, 8.000), stdev = 0.359
  CI (99.9%): [169.000, 169.000] (assumes normal distribution)

Secondary result "io.github.agentic.spring.ai.benchmark.graph.ParallelCrossoverGraphBenchmark.parallel:gc.time":
  91.000 ±(99.9%) 0.001 ms [Sum]
  (min, avg, max) = (3.000, 3.792, 4.000), stdev = 0.415
  CI (99.9%): [91.000, 91.000] (assumes normal distribution)


# JMH version: 1.37
# VM version: JDK 17.0.19, OpenJDK 64-Bit Server VM, 17.0.19+10-LTS
# VM invoker: <HOME>/.local/share/mise/installs/java/zulu-17.66.19.0/bin/java
# VM options: <none>
# Blackhole mode: compiler (auto-detected, use -Djmh.blackhole.autoDetect=false to disable)
# Warmup: 5 iterations, 1 s each
# Measurement: 8 iterations, 1 s each
# Timeout: 10 min per iteration
# Threads: 1 thread, will synchronize iterations
# Benchmark mode: Average time, time/op
# Benchmark: io.github.agentic.spring.ai.benchmark.graph.ParallelCrossoverGraphBenchmark.parallel
# Parameters: (branches = 8, cpuTokens = 10000)

# Run progress: 25.93% complete, ETA 00:18:22
# Fork: 1 of 3
# Warmup Iteration   1: 235.376 us/op
# Warmup Iteration   2: 126.398 us/op
# Warmup Iteration   3: 117.387 us/op
# Warmup Iteration   4: 117.345 us/op
# Warmup Iteration   5: 117.535 us/op
Iteration   1: 117.054 us/op
                 gc.alloc.rate:      1028.466 MB/sec
                 gc.alloc.rate.norm: 126248.252 B/op
                 gc.count:           3.000 counts
                 gc.time:            2.000 ms

Iteration   2: 116.747 us/op
                 gc.alloc.rate:      1031.200 MB/sec
                 gc.alloc.rate.norm: 126250.326 B/op
                 gc.count:           4.000 counts
                 gc.time:            2.000 ms

Iteration   3: 116.779 us/op
                 gc.alloc.rate:      1031.005 MB/sec
                 gc.alloc.rate.norm: 126262.708 B/op
                 gc.count:           3.000 counts
                 gc.time:            1.000 ms

Iteration   4: 123.699 us/op
                 gc.alloc.rate:      973.558 MB/sec
                 gc.alloc.rate.norm: 126296.144 B/op
                 gc.count:           3.000 counts
                 gc.time:            2.000 ms

Iteration   5: 116.896 us/op
                 gc.alloc.rate:      1030.232 MB/sec
                 gc.alloc.rate.norm: 126297.628 B/op
                 gc.count:           4.000 counts
                 gc.time:            2.000 ms

Iteration   6: 116.791 us/op
                 gc.alloc.rate:      1031.191 MB/sec
                 gc.alloc.rate.norm: 126298.190 B/op
                 gc.count:           3.000 counts
                 gc.time:            1.000 ms

Iteration   7: 116.828 us/op
                 gc.alloc.rate:      1030.844 MB/sec
                 gc.alloc.rate.norm: 126298.948 B/op
                 gc.count:           4.000 counts
                 gc.time:            2.000 ms

Iteration   8: 116.910 us/op
                 gc.alloc.rate:      1030.178 MB/sec
                 gc.alloc.rate.norm: 126301.519 B/op
                 gc.count:           3.000 counts
                 gc.time:            2.000 ms


# Run progress: 27.16% complete, ETA 00:18:04
# Fork: 2 of 3
# Warmup Iteration   1: 231.225 us/op
# Warmup Iteration   2: 124.778 us/op
# Warmup Iteration   3: 117.843 us/op
# Warmup Iteration   4: 117.198 us/op
# Warmup Iteration   5: 119.543 us/op
Iteration   1: 119.565 us/op
                 gc.alloc.rate:      1009.576 MB/sec
                 gc.alloc.rate.norm: 126584.997 B/op
                 gc.count:           3.000 counts
                 gc.time:            1.000 ms

Iteration   2: 116.668 us/op
                 gc.alloc.rate:      1034.732 MB/sec
                 gc.alloc.rate.norm: 126602.047 B/op
                 gc.count:           4.000 counts
                 gc.time:            2.000 ms

Iteration   3: 116.687 us/op
                 gc.alloc.rate:      1034.626 MB/sec
                 gc.alloc.rate.norm: 126608.440 B/op
                 gc.count:           3.000 counts
                 gc.time:            2.000 ms

Iteration   4: 116.287 us/op
                 gc.alloc.rate:      1038.550 MB/sec
                 gc.alloc.rate.norm: 126651.321 B/op
                 gc.count:           4.000 counts
                 gc.time:            2.000 ms

Iteration   5: 116.638 us/op
                 gc.alloc.rate:      1035.405 MB/sec
                 gc.alloc.rate.norm: 126650.278 B/op
                 gc.count:           3.000 counts
                 gc.time:            1.000 ms

Iteration   6: 117.385 us/op
                 gc.alloc.rate:      1028.814 MB/sec
                 gc.alloc.rate.norm: 126648.528 B/op
                 gc.count:           4.000 counts
                 gc.time:            2.000 ms

Iteration   7: 116.850 us/op
                 gc.alloc.rate:      1033.523 MB/sec
                 gc.alloc.rate.norm: 126649.980 B/op
                 gc.count:           3.000 counts
                 gc.time:            2.000 ms

Iteration   8: 116.629 us/op
                 gc.alloc.rate:      1035.493 MB/sec
                 gc.alloc.rate.norm: 126649.442 B/op
                 gc.count:           4.000 counts
                 gc.time:            2.000 ms


# Run progress: 28.40% complete, ETA 00:17:46
# Fork: 3 of 3
# Warmup Iteration   1: 237.540 us/op
# Warmup Iteration   2: 124.330 us/op
# Warmup Iteration   3: 117.753 us/op
# Warmup Iteration   4: 116.796 us/op
# Warmup Iteration   5: 117.181 us/op
Iteration   1: 116.303 us/op
                 gc.alloc.rate:      1034.870 MB/sec
                 gc.alloc.rate.norm: 126218.898 B/op
                 gc.count:           3.000 counts
                 gc.time:            2.000 ms

Iteration   2: 116.517 us/op
                 gc.alloc.rate:      1032.964 MB/sec
                 gc.alloc.rate.norm: 126218.052 B/op
                 gc.count:           4.000 counts
                 gc.time:            2.000 ms

Iteration   3: 116.421 us/op
                 gc.alloc.rate:      1033.947 MB/sec
                 gc.alloc.rate.norm: 126232.568 B/op
                 gc.count:           3.000 counts
                 gc.time:            2.000 ms

Iteration   4: 116.369 us/op
                 gc.alloc.rate:      1034.644 MB/sec
                 gc.alloc.rate.norm: 126266.418 B/op
                 gc.count:           4.000 counts
                 gc.time:            2.000 ms

Iteration   5: 116.245 us/op
                 gc.alloc.rate:      1035.760 MB/sec
                 gc.alloc.rate.norm: 126264.519 B/op
                 gc.count:           3.000 counts
                 gc.time:            1.000 ms

Iteration   6: 116.305 us/op
                 gc.alloc.rate:      1035.225 MB/sec
                 gc.alloc.rate.norm: 126265.865 B/op
                 gc.count:           4.000 counts
                 gc.time:            2.000 ms

Iteration   7: 116.433 us/op
                 gc.alloc.rate:      1034.096 MB/sec
                 gc.alloc.rate.norm: 126264.913 B/op
                 gc.count:           3.000 counts
                 gc.time:            2.000 ms

Iteration   8: 116.622 us/op
                 gc.alloc.rate:      1032.442 MB/sec
                 gc.alloc.rate.norm: 126266.559 B/op
                 gc.count:           4.000 counts
                 gc.time:            2.000 ms



Result "io.github.agentic.spring.ai.benchmark.graph.ParallelCrossoverGraphBenchmark.parallel":
  117.068 ±(99.9%) 1.197 us/op [Average]
  (min, avg, max) = (116.245, 117.068, 123.699), stdev = 1.556
  CI (99.9%): [115.871, 118.264] (assumes normal distribution)

Secondary result "io.github.agentic.spring.ai.benchmark.graph.ParallelCrossoverGraphBenchmark.parallel:gc.alloc.rate":
  1029.639 ±(99.9%) 10.078 MB/sec [Average]
  (min, avg, max) = (973.558, 1029.639, 1038.550), stdev = 13.104
  CI (99.9%): [1019.561, 1039.717] (assumes normal distribution)

Secondary result "io.github.agentic.spring.ai.benchmark.graph.ParallelCrossoverGraphBenchmark.parallel:gc.alloc.rate.norm":
  126387.356 ±(99.9%) 136.725 B/op [Average]
  (min, avg, max) = (126218.052, 126387.356, 126651.321), stdev = 177.781
  CI (99.9%): [126250.631, 126524.081] (assumes normal distribution)

Secondary result "io.github.agentic.spring.ai.benchmark.graph.ParallelCrossoverGraphBenchmark.parallel:gc.count":
  83.000 ±(99.9%) 0.001 counts [Sum]
  (min, avg, max) = (3.000, 3.458, 4.000), stdev = 0.509
  CI (99.9%): [83.000, 83.000] (assumes normal distribution)

Secondary result "io.github.agentic.spring.ai.benchmark.graph.ParallelCrossoverGraphBenchmark.parallel:gc.time":
  43.000 ±(99.9%) 0.001 ms [Sum]
  (min, avg, max) = (1.000, 1.792, 2.000), stdev = 0.415
  CI (99.9%): [43.000, 43.000] (assumes normal distribution)


# JMH version: 1.37
# VM version: JDK 17.0.19, OpenJDK 64-Bit Server VM, 17.0.19+10-LTS
# VM invoker: <HOME>/.local/share/mise/installs/java/zulu-17.66.19.0/bin/java
# VM options: <none>
# Blackhole mode: compiler (auto-detected, use -Djmh.blackhole.autoDetect=false to disable)
# Warmup: 5 iterations, 1 s each
# Measurement: 8 iterations, 1 s each
# Timeout: 10 min per iteration
# Threads: 1 thread, will synchronize iterations
# Benchmark mode: Average time, time/op
# Benchmark: io.github.agentic.spring.ai.benchmark.graph.ParallelCrossoverGraphBenchmark.parallel
# Parameters: (branches = 8, cpuTokens = 100000)

# Run progress: 29.63% complete, ETA 00:17:27
# Fork: 1 of 3
# Warmup Iteration   1: 684.489 us/op
# Warmup Iteration   2: 493.576 us/op
# Warmup Iteration   3: 452.981 us/op
# Warmup Iteration   4: 450.640 us/op
# Warmup Iteration   5: 449.248 us/op
Iteration   1: 444.951 us/op
                 gc.alloc.rate:      272.196 MB/sec
                 gc.alloc.rate.norm: 127011.513 B/op
                 gc.count:           ≈ 0 counts

Iteration   2: 444.122 us/op
                 gc.alloc.rate:      272.703 MB/sec
                 gc.alloc.rate.norm: 127009.464 B/op
                 gc.count:           1.000 counts
                 gc.time:            2.000 ms

Iteration   3: 443.769 us/op
                 gc.alloc.rate:      272.924 MB/sec
                 gc.alloc.rate.norm: 127012.269 B/op
                 gc.count:           1.000 counts
                 gc.time:            1.000 ms

Iteration   4: 444.391 us/op
                 gc.alloc.rate:      272.490 MB/sec
                 gc.alloc.rate.norm: 127002.122 B/op
                 gc.count:           1.000 counts
                 gc.time:            2.000 ms

Iteration   5: 444.090 us/op
                 gc.alloc.rate:      272.706 MB/sec
                 gc.alloc.rate.norm: 127009.859 B/op
                 gc.count:           1.000 counts
                 gc.time:            2.000 ms

Iteration   6: 444.490 us/op
                 gc.alloc.rate:      272.458 MB/sec
                 gc.alloc.rate.norm: 127010.700 B/op
                 gc.count:           1.000 counts
                 gc.time:            2.000 ms

Iteration   7: 443.818 us/op
                 gc.alloc.rate:      272.886 MB/sec
                 gc.alloc.rate.norm: 127011.666 B/op
                 gc.count:           1.000 counts
                 gc.time:            2.000 ms

Iteration   8: 442.681 us/op
                 gc.alloc.rate:      273.599 MB/sec
                 gc.alloc.rate.norm: 127013.227 B/op
                 gc.count:           1.000 counts
                 gc.time:            1.000 ms


# Run progress: 30.86% complete, ETA 00:17:09
# Fork: 2 of 3
# Warmup Iteration   1: 690.792 us/op
# Warmup Iteration   2: 500.704 us/op
# Warmup Iteration   3: 454.092 us/op
# Warmup Iteration   4: 447.857 us/op
# Warmup Iteration   5: 445.417 us/op
Iteration   1: 446.250 us/op
                 gc.alloc.rate:      271.345 MB/sec
                 gc.alloc.rate.norm: 126986.024 B/op
                 gc.count:           1.000 counts
                 gc.time:            2.000 ms

Iteration   2: 445.681 us/op
                 gc.alloc.rate:      271.804 MB/sec
                 gc.alloc.rate.norm: 127036.972 B/op
                 gc.count:           1.000 counts
                 gc.time:            2.000 ms

Iteration   3: 444.471 us/op
                 gc.alloc.rate:      272.436 MB/sec
                 gc.alloc.rate.norm: 126988.244 B/op
                 gc.count:           1.000 counts
                 gc.time:            2.000 ms

Iteration   4: 443.686 us/op
                 gc.alloc.rate:      272.923 MB/sec
                 gc.alloc.rate.norm: 126988.685 B/op
                 gc.count:           1.000 counts
                 gc.time:            2.000 ms

Iteration   5: 443.313 us/op
                 gc.alloc.rate:      273.144 MB/sec
                 gc.alloc.rate.norm: 126986.106 B/op
                 gc.count:           1.000 counts
                 gc.time:            2.000 ms

Iteration   6: 443.818 us/op
                 gc.alloc.rate:      272.831 MB/sec
                 gc.alloc.rate.norm: 126987.246 B/op
                 gc.count:           1.000 counts
                 gc.time:            2.000 ms

Iteration   7: 443.942 us/op
                 gc.alloc.rate:      272.762 MB/sec
                 gc.alloc.rate.norm: 126987.739 B/op
                 gc.count:           1.000 counts
                 gc.time:            1.000 ms

Iteration   8: 443.539 us/op
                 gc.alloc.rate:      273.009 MB/sec
                 gc.alloc.rate.norm: 126987.494 B/op
                 gc.count:           1.000 counts
                 gc.time:            2.000 ms


# Run progress: 32.10% complete, ETA 00:16:50
# Fork: 3 of 3
# Warmup Iteration   1: 686.524 us/op
# Warmup Iteration   2: 508.668 us/op
# Warmup Iteration   3: 453.964 us/op
# Warmup Iteration   4: 451.144 us/op
# Warmup Iteration   5: 445.467 us/op
Iteration   1: 470.206 us/op
                 gc.alloc.rate:      257.660 MB/sec
                 gc.alloc.rate.norm: 127054.649 B/op
                 gc.count:           1.000 counts
                 gc.time:            2.000 ms

Iteration   2: 443.736 us/op
                 gc.alloc.rate:      273.050 MB/sec
                 gc.alloc.rate.norm: 127060.627 B/op
                 gc.count:           1.000 counts
                 gc.time:            2.000 ms

Iteration   3: 448.292 us/op
                 gc.alloc.rate:      270.267 MB/sec
                 gc.alloc.rate.norm: 127057.131 B/op
                 gc.count:           1.000 counts
                 gc.time:            1.000 ms

Iteration   4: 446.572 us/op
                 gc.alloc.rate:      271.301 MB/sec
                 gc.alloc.rate.norm: 127057.329 B/op
                 gc.count:           1.000 counts
                 gc.time:            2.000 ms

Iteration   5: 445.191 us/op
                 gc.alloc.rate:      272.130 MB/sec
                 gc.alloc.rate.norm: 127057.417 B/op
                 gc.count:           1.000 counts
                 gc.time:            2.000 ms

Iteration   6: 444.189 us/op
                 gc.alloc.rate:      272.762 MB/sec
                 gc.alloc.rate.norm: 127059.170 B/op
                 gc.count:           1.000 counts
                 gc.time:            2.000 ms

Iteration   7: 443.519 us/op
                 gc.alloc.rate:      273.131 MB/sec
                 gc.alloc.rate.norm: 127045.297 B/op
                 gc.count:           1.000 counts
                 gc.time:            2.000 ms

Iteration   8: 443.107 us/op
                 gc.alloc.rate:      273.426 MB/sec
                 gc.alloc.rate.norm: 127058.817 B/op
                 gc.count:           1.000 counts
                 gc.time:            2.000 ms



Result "io.github.agentic.spring.ai.benchmark.graph.ParallelCrossoverGraphBenchmark.parallel":
  445.493 ±(99.9%) 4.160 us/op [Average]
  (min, avg, max) = (442.681, 445.493, 470.206), stdev = 5.409
  CI (99.9%): [441.333, 449.653] (assumes normal distribution)

Secondary result "io.github.agentic.spring.ai.benchmark.graph.ParallelCrossoverGraphBenchmark.parallel:gc.alloc.rate":
  271.914 ±(99.9%) 2.404 MB/sec [Average]
  (min, avg, max) = (257.660, 271.914, 273.599), stdev = 3.126
  CI (99.9%): [269.510, 274.318] (assumes normal distribution)

Secondary result "io.github.agentic.spring.ai.benchmark.graph.ParallelCrossoverGraphBenchmark.parallel:gc.alloc.rate.norm":
  127019.990 ±(99.9%) 22.291 B/op [Average]
  (min, avg, max) = (126986.024, 127019.990, 127060.627), stdev = 28.984
  CI (99.9%): [126997.699, 127042.281] (assumes normal distribution)

Secondary result "io.github.agentic.spring.ai.benchmark.graph.ParallelCrossoverGraphBenchmark.parallel:gc.count":
  23.000 ±(99.9%) 0.001 counts [Sum]
  (min, avg, max) = (≈ 0, 0.958, 1.000), stdev = 0.204
  CI (99.9%): [23.000, 23.000] (assumes normal distribution)

Secondary result "io.github.agentic.spring.ai.benchmark.graph.ParallelCrossoverGraphBenchmark.parallel:gc.time":
  42.000 ±(99.9%) 0.001 ms [Sum]
  (min, avg, max) = (≈ 0, 1.750, 2.000), stdev = 0.532
  CI (99.9%): [42.000, 42.000] (assumes normal distribution)


# JMH version: 1.37
# VM version: JDK 17.0.19, OpenJDK 64-Bit Server VM, 17.0.19+10-LTS
# VM invoker: <HOME>/.local/share/mise/installs/java/zulu-17.66.19.0/bin/java
# VM options: <none>
# Blackhole mode: compiler (auto-detected, use -Djmh.blackhole.autoDetect=false to disable)
# Warmup: 5 iterations, 1 s each
# Measurement: 8 iterations, 1 s each
# Timeout: 10 min per iteration
# Threads: 1 thread, will synchronize iterations
# Benchmark mode: Average time, time/op
# Benchmark: io.github.agentic.spring.ai.benchmark.graph.ParallelCrossoverGraphBenchmark.sequential
# Parameters: (branches = 4, cpuTokens = 0)

# Run progress: 33.33% complete, ETA 00:16:32
# Fork: 1 of 3
# Warmup Iteration   1: 35.779 us/op
# Warmup Iteration   2: 13.449 us/op
# Warmup Iteration   3: 12.680 us/op
# Warmup Iteration   4: 12.657 us/op
# Warmup Iteration   5: 12.638 us/op
Iteration   1: 12.664 us/op
                 gc.alloc.rate:      5692.504 MB/sec
                 gc.alloc.rate.norm: 75608.075 B/op
                 gc.count:           11.000 counts
                 gc.time:            7.000 ms

Iteration   2: 13.871 us/op
                 gc.alloc.rate:      5197.540 MB/sec
                 gc.alloc.rate.norm: 75608.082 B/op
                 gc.count:           9.000 counts
                 gc.time:            7.000 ms

Iteration   3: 12.604 us/op
                 gc.alloc.rate:      5719.878 MB/sec
                 gc.alloc.rate.norm: 75608.178 B/op
                 gc.count:           11.000 counts
                 gc.time:            7.000 ms

Iteration   4: 12.630 us/op
                 gc.alloc.rate:      5708.503 MB/sec
                 gc.alloc.rate.norm: 75608.074 B/op
                 gc.count:           11.000 counts
                 gc.time:            6.000 ms

Iteration   5: 12.620 us/op
                 gc.alloc.rate:      5712.433 MB/sec
                 gc.alloc.rate.norm: 75608.075 B/op
                 gc.count:           11.000 counts
                 gc.time:            6.000 ms

Iteration   6: 12.615 us/op
                 gc.alloc.rate:      5715.049 MB/sec
                 gc.alloc.rate.norm: 75608.075 B/op
                 gc.count:           10.000 counts
                 gc.time:            6.000 ms

Iteration   7: 12.603 us/op
                 gc.alloc.rate:      5720.515 MB/sec
                 gc.alloc.rate.norm: 75608.074 B/op
                 gc.count:           11.000 counts
                 gc.time:            6.000 ms

Iteration   8: 12.620 us/op
                 gc.alloc.rate:      5712.967 MB/sec
                 gc.alloc.rate.norm: 75608.074 B/op
                 gc.count:           11.000 counts
                 gc.time:            7.000 ms


# Run progress: 34.57% complete, ETA 00:16:14
# Fork: 2 of 3
# Warmup Iteration   1: 35.625 us/op
# Warmup Iteration   2: 13.349 us/op
# Warmup Iteration   3: 12.594 us/op
# Warmup Iteration   4: 12.558 us/op
# Warmup Iteration   5: 12.517 us/op
Iteration   1: 12.530 us/op
                 gc.alloc.rate:      5746.578 MB/sec
                 gc.alloc.rate.norm: 75512.074 B/op
                 gc.count:           11.000 counts
                 gc.time:            6.000 ms

Iteration   2: 12.532 us/op
                 gc.alloc.rate:      5745.250 MB/sec
                 gc.alloc.rate.norm: 75512.177 B/op
                 gc.count:           11.000 counts
                 gc.time:            6.000 ms

Iteration   3: 12.504 us/op
                 gc.alloc.rate:      5758.696 MB/sec
                 gc.alloc.rate.norm: 75512.074 B/op
                 gc.count:           11.000 counts
                 gc.time:            6.000 ms

Iteration   4: 12.508 us/op
                 gc.alloc.rate:      5756.771 MB/sec
                 gc.alloc.rate.norm: 75512.074 B/op
                 gc.count:           10.000 counts
                 gc.time:            6.000 ms

Iteration   5: 12.525 us/op
                 gc.alloc.rate:      5748.618 MB/sec
                 gc.alloc.rate.norm: 75512.074 B/op
                 gc.count:           11.000 counts
                 gc.time:            7.000 ms

Iteration   6: 12.517 us/op
                 gc.alloc.rate:      5752.742 MB/sec
                 gc.alloc.rate.norm: 75512.074 B/op
                 gc.count:           11.000 counts
                 gc.time:            6.000 ms

Iteration   7: 12.521 us/op
                 gc.alloc.rate:      5750.542 MB/sec
                 gc.alloc.rate.norm: 75512.074 B/op
                 gc.count:           11.000 counts
                 gc.time:            6.000 ms

Iteration   8: 12.514 us/op
                 gc.alloc.rate:      5753.927 MB/sec
                 gc.alloc.rate.norm: 75512.074 B/op
                 gc.count:           11.000 counts
                 gc.time:            6.000 ms


# Run progress: 35.80% complete, ETA 00:15:55
# Fork: 3 of 3
# Warmup Iteration   1: 34.934 us/op
# Warmup Iteration   2: 13.553 us/op
# Warmup Iteration   3: 12.802 us/op
# Warmup Iteration   4: 12.773 us/op
# Warmup Iteration   5: 12.770 us/op
Iteration   1: 12.757 us/op
                 gc.alloc.rate:      5646.761 MB/sec
                 gc.alloc.rate.norm: 75544.075 B/op
                 gc.count:           10.000 counts
                 gc.time:            6.000 ms

Iteration   2: 12.797 us/op
                 gc.alloc.rate:      5628.918 MB/sec
                 gc.alloc.rate.norm: 75544.075 B/op
                 gc.count:           11.000 counts
                 gc.time:            7.000 ms

Iteration   3: 12.741 us/op
                 gc.alloc.rate:      5653.760 MB/sec
                 gc.alloc.rate.norm: 75544.179 B/op
                 gc.count:           10.000 counts
                 gc.time:            6.000 ms

Iteration   4: 12.738 us/op
                 gc.alloc.rate:      5655.001 MB/sec
                 gc.alloc.rate.norm: 75544.076 B/op
                 gc.count:           11.000 counts
                 gc.time:            6.000 ms

Iteration   5: 12.752 us/op
                 gc.alloc.rate:      5648.597 MB/sec
                 gc.alloc.rate.norm: 75544.076 B/op
                 gc.count:           11.000 counts
                 gc.time:            6.000 ms

Iteration   6: 13.015 us/op
                 gc.alloc.rate:      5534.668 MB/sec
                 gc.alloc.rate.norm: 75544.076 B/op
                 gc.count:           10.000 counts
                 gc.time:            6.000 ms

Iteration   7: 12.937 us/op
                 gc.alloc.rate:      5567.049 MB/sec
                 gc.alloc.rate.norm: 75544.077 B/op
                 gc.count:           10.000 counts
                 gc.time:            6.000 ms

Iteration   8: 13.024 us/op
                 gc.alloc.rate:      5530.931 MB/sec
                 gc.alloc.rate.norm: 75544.077 B/op
                 gc.count:           11.000 counts
                 gc.time:            7.000 ms



Result "io.github.agentic.spring.ai.benchmark.graph.ParallelCrossoverGraphBenchmark.sequential":
  12.714 ±(99.9%) 0.224 us/op [Average]
  (min, avg, max) = (12.504, 12.714, 13.871), stdev = 0.291
  CI (99.9%): [12.490, 12.938] (assumes normal distribution)

Secondary result "io.github.agentic.spring.ai.benchmark.graph.ParallelCrossoverGraphBenchmark.sequential:gc.alloc.rate":
  5669.092 ±(99.9%) 93.617 MB/sec [Average]
  (min, avg, max) = (5197.540, 5669.092, 5758.696), stdev = 121.729
  CI (99.9%): [5575.474, 5762.709] (assumes normal distribution)

Secondary result "io.github.agentic.spring.ai.benchmark.graph.ParallelCrossoverGraphBenchmark.sequential:gc.alloc.rate.norm":
  75554.755 ±(99.9%) 31.355 B/op [Average]
  (min, avg, max) = (75512.074, 75554.755, 75608.178), stdev = 40.770
  CI (99.9%): [75523.400, 75586.109] (assumes normal distribution)

Secondary result "io.github.agentic.spring.ai.benchmark.graph.ParallelCrossoverGraphBenchmark.sequential:gc.count":
  256.000 ±(99.9%) 0.001 counts [Sum]
  (min, avg, max) = (9.000, 10.667, 11.000), stdev = 0.565
  CI (99.9%): [256.000, 256.000] (assumes normal distribution)

Secondary result "io.github.agentic.spring.ai.benchmark.graph.ParallelCrossoverGraphBenchmark.sequential:gc.time":
  151.000 ±(99.9%) 0.001 ms [Sum]
  (min, avg, max) = (6.000, 6.292, 7.000), stdev = 0.464
  CI (99.9%): [151.000, 151.000] (assumes normal distribution)


# JMH version: 1.37
# VM version: JDK 17.0.19, OpenJDK 64-Bit Server VM, 17.0.19+10-LTS
# VM invoker: <HOME>/.local/share/mise/installs/java/zulu-17.66.19.0/bin/java
# VM options: <none>
# Blackhole mode: compiler (auto-detected, use -Djmh.blackhole.autoDetect=false to disable)
# Warmup: 5 iterations, 1 s each
# Measurement: 8 iterations, 1 s each
# Timeout: 10 min per iteration
# Threads: 1 thread, will synchronize iterations
# Benchmark mode: Average time, time/op
# Benchmark: io.github.agentic.spring.ai.benchmark.graph.ParallelCrossoverGraphBenchmark.sequential
# Parameters: (branches = 4, cpuTokens = 10000)

# Run progress: 37.04% complete, ETA 00:15:37
# Fork: 1 of 3
# Warmup Iteration   1: 161.798 us/op
# Warmup Iteration   2: 92.652 us/op
# Warmup Iteration   3: 89.740 us/op
# Warmup Iteration   4: 89.457 us/op
# Warmup Iteration   5: 96.155 us/op
Iteration   1: 91.681 us/op
                 gc.alloc.rate:      786.720 MB/sec
                 gc.alloc.rate.norm: 75640.549 B/op
                 gc.count:           3.000 counts
                 gc.time:            6.000 ms

Iteration   2: 90.674 us/op
                 gc.alloc.rate:      795.580 MB/sec
                 gc.alloc.rate.norm: 75650.916 B/op
                 gc.count:           3.000 counts
                 gc.time:            2.000 ms

Iteration   3: 89.467 us/op
                 gc.alloc.rate:      806.199 MB/sec
                 gc.alloc.rate.norm: 75640.525 B/op
                 gc.count:           2.000 counts
                 gc.time:            1.000 ms

Iteration   4: 89.766 us/op
                 gc.alloc.rate:      803.478 MB/sec
                 gc.alloc.rate.norm: 75640.533 B/op
                 gc.count:           3.000 counts
                 gc.time:            1.000 ms

Iteration   5: 89.801 us/op
                 gc.alloc.rate:      803.102 MB/sec
                 gc.alloc.rate.norm: 75640.542 B/op
                 gc.count:           3.000 counts
                 gc.time:            2.000 ms

Iteration   6: 89.519 us/op
                 gc.alloc.rate:      805.700 MB/sec
                 gc.alloc.rate.norm: 75640.717 B/op
                 gc.count:           2.000 counts
                 gc.time:            1.000 ms

Iteration   7: 89.401 us/op
                 gc.alloc.rate:      806.770 MB/sec
                 gc.alloc.rate.norm: 75640.523 B/op
                 gc.count:           3.000 counts
                 gc.time:            2.000 ms

Iteration   8: 90.136 us/op
                 gc.alloc.rate:      800.174 MB/sec
                 gc.alloc.rate.norm: 75640.536 B/op
                 gc.count:           3.000 counts
                 gc.time:            2.000 ms


# Run progress: 38.27% complete, ETA 00:15:19
# Fork: 2 of 3
# Warmup Iteration   1: 150.614 us/op
# Warmup Iteration   2: 91.025 us/op
# Warmup Iteration   3: 90.459 us/op
# Warmup Iteration   4: 89.967 us/op
# Warmup Iteration   5: 90.680 us/op
Iteration   1: 93.608 us/op
                 gc.alloc.rate:      770.309 MB/sec
                 gc.alloc.rate.norm: 75619.533 B/op
                 gc.count:           2.000 counts
                 gc.time:            4.000 ms

Iteration   2: 93.293 us/op
                 gc.alloc.rate:      772.946 MB/sec
                 gc.alloc.rate.norm: 75624.486 B/op
                 gc.count:           3.000 counts
                 gc.time:            2.000 ms

Iteration   3: 92.535 us/op
                 gc.alloc.rate:      779.178 MB/sec
                 gc.alloc.rate.norm: 75616.550 B/op
                 gc.count:           2.000 counts
                 gc.time:            1.000 ms

Iteration   4: 91.474 us/op
                 gc.alloc.rate:      788.244 MB/sec
                 gc.alloc.rate.norm: 75616.540 B/op
                 gc.count:           3.000 counts
                 gc.time:            1.000 ms

Iteration   5: 90.177 us/op
                 gc.alloc.rate:      799.508 MB/sec
                 gc.alloc.rate.norm: 75616.548 B/op
                 gc.count:           3.000 counts
                 gc.time:            2.000 ms

Iteration   6: 89.877 us/op
                 gc.alloc.rate:      802.239 MB/sec
                 gc.alloc.rate.norm: 75616.717 B/op
                 gc.count:           2.000 counts
                 gc.time:            1.000 ms

Iteration   7: 90.324 us/op
                 gc.alloc.rate:      798.285 MB/sec
                 gc.alloc.rate.norm: 75616.534 B/op
                 gc.count:           3.000 counts
                 gc.time:            2.000 ms

Iteration   8: 92.131 us/op
                 gc.alloc.rate:      782.624 MB/sec
                 gc.alloc.rate.norm: 75616.548 B/op
                 gc.count:           3.000 counts
                 gc.time:            1.000 ms


# Run progress: 39.51% complete, ETA 00:15:00
# Fork: 3 of 3
# Warmup Iteration   1: 171.903 us/op
# Warmup Iteration   2: 97.519 us/op
# Warmup Iteration   3: 92.915 us/op
# Warmup Iteration   4: 91.933 us/op
# Warmup Iteration   5: 94.011 us/op
Iteration   1: 91.503 us/op
                 gc.alloc.rate:      789.561 MB/sec
                 gc.alloc.rate.norm: 75768.541 B/op
                 gc.count:           3.000 counts
                 gc.time:            6.000 ms

Iteration   2: 99.980 us/op
                 gc.alloc.rate:      722.645 MB/sec
                 gc.alloc.rate.norm: 75797.373 B/op
                 gc.count:           2.000 counts
                 gc.time:            1.000 ms

Iteration   3: 91.948 us/op
                 gc.alloc.rate:      786.081 MB/sec
                 gc.alloc.rate.norm: 75800.546 B/op
                 gc.count:           3.000 counts
                 gc.time:            1.000 ms

Iteration   4: 91.007 us/op
                 gc.alloc.rate:      794.234 MB/sec
                 gc.alloc.rate.norm: 75800.540 B/op
                 gc.count:           2.000 counts
                 gc.time:            1.000 ms

Iteration   5: 90.379 us/op
                 gc.alloc.rate:      799.671 MB/sec
                 gc.alloc.rate.norm: 75800.546 B/op
                 gc.count:           3.000 counts
                 gc.time:            2.000 ms

Iteration   6: 91.384 us/op
                 gc.alloc.rate:      790.921 MB/sec
                 gc.alloc.rate.norm: 75797.748 B/op
                 gc.count:           3.000 counts
                 gc.time:            2.000 ms

Iteration   7: 92.038 us/op
                 gc.alloc.rate:      785.295 MB/sec
                 gc.alloc.rate.norm: 75800.543 B/op
                 gc.count:           2.000 counts
                 gc.time:            1.000 ms

Iteration   8: 91.426 us/op
                 gc.alloc.rate:      790.581 MB/sec
                 gc.alloc.rate.norm: 75800.543 B/op
                 gc.count:           3.000 counts
                 gc.time:            1.000 ms



Result "io.github.agentic.spring.ai.benchmark.graph.ParallelCrossoverGraphBenchmark.sequential":
  91.397 ±(99.9%) 1.678 us/op [Average]
  (min, avg, max) = (89.401, 91.397, 99.980), stdev = 2.182
  CI (99.9%): [89.719, 93.075] (assumes normal distribution)

Secondary result "io.github.agentic.spring.ai.benchmark.graph.ParallelCrossoverGraphBenchmark.sequential:gc.alloc.rate":
  790.002 ±(99.9%) 13.548 MB/sec [Average]
  (min, avg, max) = (722.645, 790.002, 806.770), stdev = 17.617
  CI (99.9%): [776.454, 803.550] (assumes normal distribution)

Secondary result "io.github.agentic.spring.ai.benchmark.graph.ParallelCrossoverGraphBenchmark.sequential:gc.alloc.rate.norm":
  75685.195 ±(99.9%) 62.128 B/op [Average]
  (min, avg, max) = (75616.534, 75685.195, 75800.546), stdev = 80.783
  CI (99.9%): [75623.067, 75747.322] (assumes normal distribution)

Secondary result "io.github.agentic.spring.ai.benchmark.graph.ParallelCrossoverGraphBenchmark.sequential:gc.count":
  64.000 ±(99.9%) 0.001 counts [Sum]
  (min, avg, max) = (2.000, 2.667, 3.000), stdev = 0.482
  CI (99.9%): [64.000, 64.000] (assumes normal distribution)

Secondary result "io.github.agentic.spring.ai.benchmark.graph.ParallelCrossoverGraphBenchmark.sequential:gc.time":
  46.000 ±(99.9%) 0.001 ms [Sum]
  (min, avg, max) = (1.000, 1.917, 6.000), stdev = 1.442
  CI (99.9%): [46.000, 46.000] (assumes normal distribution)


# JMH version: 1.37
# VM version: JDK 17.0.19, OpenJDK 64-Bit Server VM, 17.0.19+10-LTS
# VM invoker: <HOME>/.local/share/mise/installs/java/zulu-17.66.19.0/bin/java
# VM options: <none>
# Blackhole mode: compiler (auto-detected, use -Djmh.blackhole.autoDetect=false to disable)
# Warmup: 5 iterations, 1 s each
# Measurement: 8 iterations, 1 s each
# Timeout: 10 min per iteration
# Threads: 1 thread, will synchronize iterations
# Benchmark mode: Average time, time/op
# Benchmark: io.github.agentic.spring.ai.benchmark.graph.ParallelCrossoverGraphBenchmark.sequential
# Parameters: (branches = 4, cpuTokens = 100000)

# Run progress: 40.74% complete, ETA 00:14:42
# Fork: 1 of 3
# Warmup Iteration   1: 1065.270 us/op
# Warmup Iteration   2: 832.490 us/op
# Warmup Iteration   3: 817.591 us/op
# Warmup Iteration   4: 825.129 us/op
# Warmup Iteration   5: 827.382 us/op
Iteration   1: 790.167 us/op
                 gc.alloc.rate:      91.388 MB/sec
                 gc.alloc.rate.norm: 75732.651 B/op
                 gc.count:           ≈ 0 counts

Iteration   2: 800.861 us/op
                 gc.alloc.rate:      90.119 MB/sec
                 gc.alloc.rate.norm: 75690.110 B/op
                 gc.count:           ≈ 0 counts

Iteration   3: 790.251 us/op
                 gc.alloc.rate:      91.257 MB/sec
                 gc.alloc.rate.norm: 75628.648 B/op
                 gc.count:           1.000 counts
                 gc.time:            2.000 ms

Iteration   4: 788.134 us/op
                 gc.alloc.rate:      91.503 MB/sec
                 gc.alloc.rate.norm: 75629.285 B/op
                 gc.count:           ≈ 0 counts

Iteration   5: 784.447 us/op
                 gc.alloc.rate:      91.923 MB/sec
                 gc.alloc.rate.norm: 75628.641 B/op
                 gc.count:           ≈ 0 counts

Iteration   6: 784.067 us/op
                 gc.alloc.rate:      91.976 MB/sec
                 gc.alloc.rate.norm: 75628.630 B/op
                 gc.count:           1.000 counts
                 gc.time:            2.000 ms

Iteration   7: 778.586 us/op
                 gc.alloc.rate:      92.619 MB/sec
                 gc.alloc.rate.norm: 75628.610 B/op
                 gc.count:           ≈ 0 counts

Iteration   8: 778.516 us/op
                 gc.alloc.rate:      92.634 MB/sec
                 gc.alloc.rate.norm: 75628.991 B/op
                 gc.count:           ≈ 0 counts


# Run progress: 41.98% complete, ETA 00:14:23
# Fork: 2 of 3
# Warmup Iteration   1: 1055.480 us/op
# Warmup Iteration   2: 817.494 us/op
# Warmup Iteration   3: 792.646 us/op
# Warmup Iteration   4: 784.437 us/op
# Warmup Iteration   5: 778.271 us/op
Iteration   1: 777.557 us/op
                 gc.alloc.rate:      92.767 MB/sec
                 gc.alloc.rate.norm: 75644.832 B/op
                 gc.count:           ≈ 0 counts

Iteration   2: 781.110 us/op
                 gc.alloc.rate:      92.266 MB/sec
                 gc.alloc.rate.norm: 75581.533 B/op
                 gc.count:           ≈ 0 counts

Iteration   3: 776.196 us/op
                 gc.alloc.rate:      92.803 MB/sec
                 gc.alloc.rate.norm: 75540.553 B/op
                 gc.count:           1.000 counts
                 gc.time:            1.000 ms

Iteration   4: 774.386 us/op
                 gc.alloc.rate:      93.020 MB/sec
                 gc.alloc.rate.norm: 75540.487 B/op
                 gc.count:           ≈ 0 counts

Iteration   5: 775.900 us/op
                 gc.alloc.rate:      92.834 MB/sec
                 gc.alloc.rate.norm: 75540.579 B/op
                 gc.count:           ≈ 0 counts

Iteration   6: 775.955 us/op
                 gc.alloc.rate:      92.826 MB/sec
                 gc.alloc.rate.norm: 75540.605 B/op
                 gc.count:           1.000 counts
                 gc.time:            2.000 ms

Iteration   7: 773.730 us/op
                 gc.alloc.rate:      93.095 MB/sec
                 gc.alloc.rate.norm: 75540.542 B/op
                 gc.count:           ≈ 0 counts

Iteration   8: 773.612 us/op
                 gc.alloc.rate:      93.114 MB/sec
                 gc.alloc.rate.norm: 75540.898 B/op
                 gc.count:           ≈ 0 counts


# Run progress: 43.21% complete, ETA 00:14:05
# Fork: 3 of 3
# Warmup Iteration   1: 1022.393 us/op
# Warmup Iteration   2: 806.924 us/op
# Warmup Iteration   3: 791.174 us/op
# Warmup Iteration   4: 788.111 us/op
# Warmup Iteration   5: 791.192 us/op
Iteration   1: 781.431 us/op
                 gc.alloc.rate:      92.273 MB/sec
                 gc.alloc.rate.norm: 75619.498 B/op
                 gc.count:           ≈ 0 counts

Iteration   2: 775.053 us/op
                 gc.alloc.rate:      92.949 MB/sec
                 gc.alloc.rate.norm: 75553.645 B/op
                 gc.count:           ≈ 0 counts

Iteration   3: 775.136 us/op
                 gc.alloc.rate:      92.939 MB/sec
                 gc.alloc.rate.norm: 75548.556 B/op
                 gc.count:           1.000 counts
                 gc.time:            1.000 ms

Iteration   4: 777.414 us/op
                 gc.alloc.rate:      92.657 MB/sec
                 gc.alloc.rate.norm: 75548.504 B/op
                 gc.count:           ≈ 0 counts

Iteration   5: 780.980 us/op
                 gc.alloc.rate:      92.242 MB/sec
                 gc.alloc.rate.norm: 75548.550 B/op
                 gc.count:           ≈ 0 counts

Iteration   6: 779.755 us/op
                 gc.alloc.rate:      92.384 MB/sec
                 gc.alloc.rate.norm: 75548.618 B/op
                 gc.count:           1.000 counts
                 gc.time:            2.000 ms

Iteration   7: 776.579 us/op
                 gc.alloc.rate:      92.765 MB/sec
                 gc.alloc.rate.norm: 75548.577 B/op
                 gc.count:           ≈ 0 counts

Iteration   8: 777.062 us/op
                 gc.alloc.rate:      92.705 MB/sec
                 gc.alloc.rate.norm: 75548.964 B/op
                 gc.count:           ≈ 0 counts



Result "io.github.agentic.spring.ai.benchmark.graph.ParallelCrossoverGraphBenchmark.sequential":
  780.287 ±(99.9%) 5.053 us/op [Average]
  (min, avg, max) = (773.612, 780.287, 800.861), stdev = 6.571
  CI (99.9%): [775.233, 785.340] (assumes normal distribution)

Secondary result "io.github.agentic.spring.ai.benchmark.graph.ParallelCrossoverGraphBenchmark.sequential:gc.alloc.rate":
  92.377 ±(99.9%) 0.551 MB/sec [Average]
  (min, avg, max) = (90.119, 92.377, 93.114), stdev = 0.717
  CI (99.9%): [91.826, 92.929] (assumes normal distribution)

Secondary result "io.github.agentic.spring.ai.benchmark.graph.ParallelCrossoverGraphBenchmark.sequential:gc.alloc.rate.norm":
  75588.771 ±(99.9%) 42.289 B/op [Average]
  (min, avg, max) = (75540.487, 75588.771, 75732.651), stdev = 54.988
  CI (99.9%): [75546.482, 75631.060] (assumes normal distribution)

Secondary result "io.github.agentic.spring.ai.benchmark.graph.ParallelCrossoverGraphBenchmark.sequential:gc.count":
  6.000 ±(99.9%) 0.001 counts [Sum]
  (min, avg, max) = (≈ 0, 0.250, 1.000), stdev = 0.442
  CI (99.9%): [6.000, 6.000] (assumes normal distribution)

Secondary result "io.github.agentic.spring.ai.benchmark.graph.ParallelCrossoverGraphBenchmark.sequential:gc.time":
  10.000 ±(99.9%) 0.001 ms [Sum]
  (min, avg, max) = (≈ 0, 0.417, 2.000), stdev = 0.776
  CI (99.9%): [10.000, 10.000] (assumes normal distribution)


# JMH version: 1.37
# VM version: JDK 17.0.19, OpenJDK 64-Bit Server VM, 17.0.19+10-LTS
# VM invoker: <HOME>/.local/share/mise/installs/java/zulu-17.66.19.0/bin/java
# VM options: <none>
# Blackhole mode: compiler (auto-detected, use -Djmh.blackhole.autoDetect=false to disable)
# Warmup: 5 iterations, 1 s each
# Measurement: 8 iterations, 1 s each
# Timeout: 10 min per iteration
# Threads: 1 thread, will synchronize iterations
# Benchmark mode: Average time, time/op
# Benchmark: io.github.agentic.spring.ai.benchmark.graph.ParallelCrossoverGraphBenchmark.sequential
# Parameters: (branches = 8, cpuTokens = 0)

# Run progress: 44.44% complete, ETA 00:13:47
# Fork: 1 of 3
# Warmup Iteration   1: 49.892 us/op
# Warmup Iteration   2: 21.195 us/op
# Warmup Iteration   3: 19.826 us/op
# Warmup Iteration   4: 19.845 us/op
# Warmup Iteration   5: 20.006 us/op
Iteration   1: 19.857 us/op
                 gc.alloc.rate:      5853.618 MB/sec
                 gc.alloc.rate.norm: 121896.199 B/op
                 gc.count:           11.000 counts
                 gc.time:            6.000 ms

Iteration   2: 19.764 us/op
                 gc.alloc.rate:      5881.016 MB/sec
                 gc.alloc.rate.norm: 121896.117 B/op
                 gc.count:           11.000 counts
                 gc.time:            6.000 ms

Iteration   3: 19.767 us/op
                 gc.alloc.rate:      5880.224 MB/sec
                 gc.alloc.rate.norm: 121896.117 B/op
                 gc.count:           11.000 counts
                 gc.time:            6.000 ms

Iteration   4: 19.856 us/op
                 gc.alloc.rate:      5853.699 MB/sec
                 gc.alloc.rate.norm: 121896.118 B/op
                 gc.count:           11.000 counts
                 gc.time:            7.000 ms

Iteration   5: 19.839 us/op
                 gc.alloc.rate:      5858.834 MB/sec
                 gc.alloc.rate.norm: 121896.118 B/op
                 gc.count:           11.000 counts
                 gc.time:            6.000 ms

Iteration   6: 19.863 us/op
                 gc.alloc.rate:      5851.571 MB/sec
                 gc.alloc.rate.norm: 121896.280 B/op
                 gc.count:           11.000 counts
                 gc.time:            7.000 ms

Iteration   7: 21.100 us/op
                 gc.alloc.rate:      5508.471 MB/sec
                 gc.alloc.rate.norm: 121896.126 B/op
                 gc.count:           10.000 counts
                 gc.time:            6.000 ms

Iteration   8: 20.176 us/op
                 gc.alloc.rate:      5759.562 MB/sec
                 gc.alloc.rate.norm: 121896.120 B/op
                 gc.count:           11.000 counts
                 gc.time:            6.000 ms


# Run progress: 45.68% complete, ETA 00:13:28
# Fork: 2 of 3
# Warmup Iteration   1: 52.891 us/op
# Warmup Iteration   2: 21.629 us/op
# Warmup Iteration   3: 20.261 us/op
# Warmup Iteration   4: 20.388 us/op
# Warmup Iteration   5: 21.104 us/op
Iteration   1: 21.694 us/op
                 gc.alloc.rate:      5384.299 MB/sec
                 gc.alloc.rate.norm: 122496.216 B/op
                 gc.count:           10.000 counts
                 gc.time:            6.000 ms

Iteration   2: 21.913 us/op
                 gc.alloc.rate:      5330.454 MB/sec
                 gc.alloc.rate.norm: 122496.131 B/op
                 gc.count:           10.000 counts
                 gc.time:            6.000 ms

Iteration   3: 21.770 us/op
                 gc.alloc.rate:      5365.336 MB/sec
                 gc.alloc.rate.norm: 122496.129 B/op
                 gc.count:           10.000 counts
                 gc.time:            6.000 ms

Iteration   4: 20.450 us/op
                 gc.alloc.rate:      5711.528 MB/sec
                 gc.alloc.rate.norm: 122496.121 B/op
                 gc.count:           11.000 counts
                 gc.time:            6.000 ms

Iteration   5: 20.778 us/op
                 gc.alloc.rate:      5621.493 MB/sec
                 gc.alloc.rate.norm: 122496.122 B/op
                 gc.count:           11.000 counts
                 gc.time:            7.000 ms

Iteration   6: 20.711 us/op
                 gc.alloc.rate:      5639.502 MB/sec
                 gc.alloc.rate.norm: 122496.123 B/op
                 gc.count:           10.000 counts
                 gc.time:            6.000 ms

Iteration   7: 23.906 us/op
                 gc.alloc.rate:      4885.903 MB/sec
                 gc.alloc.rate.norm: 122496.337 B/op
                 gc.count:           9.000 counts
                 gc.time:            6.000 ms

Iteration   8: 20.432 us/op
                 gc.alloc.rate:      5716.897 MB/sec
                 gc.alloc.rate.norm: 122496.120 B/op
                 gc.count:           11.000 counts
                 gc.time:            6.000 ms


# Run progress: 46.91% complete, ETA 00:13:10
# Fork: 3 of 3
# Warmup Iteration   1: 62.103 us/op
# Warmup Iteration   2: 22.591 us/op
# Warmup Iteration   3: 21.278 us/op
# Warmup Iteration   4: 22.074 us/op
# Warmup Iteration   5: 23.126 us/op
Iteration   1: 20.929 us/op
                 gc.alloc.rate:      5566.972 MB/sec
                 gc.alloc.rate.norm: 122184.210 B/op
                 gc.count:           10.000 counts
                 gc.time:            6.000 ms

Iteration   2: 20.592 us/op
                 gc.alloc.rate:      5657.827 MB/sec
                 gc.alloc.rate.norm: 122184.121 B/op
                 gc.count:           11.000 counts
                 gc.time:            6.000 ms

Iteration   3: 20.886 us/op
                 gc.alloc.rate:      5578.373 MB/sec
                 gc.alloc.rate.norm: 122184.124 B/op
                 gc.count:           10.000 counts
                 gc.time:            6.000 ms

Iteration   4: 22.706 us/op
                 gc.alloc.rate:      5131.055 MB/sec
                 gc.alloc.rate.norm: 122184.133 B/op
                 gc.count:           10.000 counts
                 gc.time:            7.000 ms

Iteration   5: 21.894 us/op
                 gc.alloc.rate:      5321.392 MB/sec
                 gc.alloc.rate.norm: 122184.129 B/op
                 gc.count:           10.000 counts
                 gc.time:            6.000 ms

Iteration   6: 20.671 us/op
                 gc.alloc.rate:      5635.963 MB/sec
                 gc.alloc.rate.norm: 122184.122 B/op
                 gc.count:           11.000 counts
                 gc.time:            6.000 ms

Iteration   7: 20.543 us/op
                 gc.alloc.rate:      5671.365 MB/sec
                 gc.alloc.rate.norm: 122184.289 B/op
                 gc.count:           10.000 counts
                 gc.time:            6.000 ms

Iteration   8: 20.951 us/op
                 gc.alloc.rate:      5560.901 MB/sec
                 gc.alloc.rate.norm: 122184.124 B/op
                 gc.count:           11.000 counts
                 gc.time:            7.000 ms



Result "io.github.agentic.spring.ai.benchmark.graph.ParallelCrossoverGraphBenchmark.sequential":
  20.877 ±(99.9%) 0.785 us/op [Average]
  (min, avg, max) = (19.764, 20.877, 23.906), stdev = 1.021
  CI (99.9%): [20.092, 21.662] (assumes normal distribution)

Secondary result "io.github.agentic.spring.ai.benchmark.graph.ParallelCrossoverGraphBenchmark.sequential:gc.alloc.rate":
  5592.761 ±(99.9%) 194.540 MB/sec [Average]
  (min, avg, max) = (4885.903, 5592.761, 5881.016), stdev = 252.957
  CI (99.9%): [5398.221, 5787.300] (assumes normal distribution)

Secondary result "io.github.agentic.spring.ai.benchmark.graph.ParallelCrossoverGraphBenchmark.sequential:gc.alloc.rate.norm":
  122192.156 ±(99.9%) 192.489 B/op [Average]
  (min, avg, max) = (121896.117, 122192.156, 122496.337), stdev = 250.290
  CI (99.9%): [121999.667, 122384.645] (assumes normal distribution)

Secondary result "io.github.agentic.spring.ai.benchmark.graph.ParallelCrossoverGraphBenchmark.sequential:gc.count":
  252.000 ±(99.9%) 0.001 counts [Sum]
  (min, avg, max) = (9.000, 10.500, 11.000), stdev = 0.590
  CI (99.9%): [252.000, 252.000] (assumes normal distribution)

Secondary result "io.github.agentic.spring.ai.benchmark.graph.ParallelCrossoverGraphBenchmark.sequential:gc.time":
  149.000 ±(99.9%) 0.001 ms [Sum]
  (min, avg, max) = (6.000, 6.208, 7.000), stdev = 0.415
  CI (99.9%): [149.000, 149.000] (assumes normal distribution)


# JMH version: 1.37
# VM version: JDK 17.0.19, OpenJDK 64-Bit Server VM, 17.0.19+10-LTS
# VM invoker: <HOME>/.local/share/mise/installs/java/zulu-17.66.19.0/bin/java
# VM options: <none>
# Blackhole mode: compiler (auto-detected, use -Djmh.blackhole.autoDetect=false to disable)
# Warmup: 5 iterations, 1 s each
# Measurement: 8 iterations, 1 s each
# Timeout: 10 min per iteration
# Threads: 1 thread, will synchronize iterations
# Benchmark mode: Average time, time/op
# Benchmark: io.github.agentic.spring.ai.benchmark.graph.ParallelCrossoverGraphBenchmark.sequential
# Parameters: (branches = 8, cpuTokens = 10000)

# Run progress: 48.15% complete, ETA 00:12:52
# Fork: 1 of 3
# Warmup Iteration   1: 280.189 us/op
# Warmup Iteration   2: 180.607 us/op
# Warmup Iteration   3: 176.450 us/op
# Warmup Iteration   4: 175.788 us/op
# Warmup Iteration   5: 174.607 us/op
Iteration   1: 174.387 us/op
                 gc.alloc.rate:      667.416 MB/sec
                 gc.alloc.rate.norm: 122057.029 B/op
                 gc.count:           2.000 counts
                 gc.time:            3.000 ms

Iteration   2: 175.992 us/op
                 gc.alloc.rate:      661.315 MB/sec
                 gc.alloc.rate.norm: 122057.046 B/op
                 gc.count:           2.000 counts
                 gc.time:            4.000 ms

Iteration   3: 177.992 us/op
                 gc.alloc.rate:      653.881 MB/sec
                 gc.alloc.rate.norm: 122057.040 B/op
                 gc.count:           2.000 counts
                 gc.time:            1.000 ms

Iteration   4: 179.423 us/op
                 gc.alloc.rate:      648.678 MB/sec
                 gc.alloc.rate.norm: 122057.244 B/op
                 gc.count:           2.000 counts
                 gc.time:            1.000 ms

Iteration   5: 174.470 us/op
                 gc.alloc.rate:      667.069 MB/sec
                 gc.alloc.rate.norm: 122057.030 B/op
                 gc.count:           3.000 counts
                 gc.time:            2.000 ms

Iteration   6: 173.661 us/op
                 gc.alloc.rate:      670.200 MB/sec
                 gc.alloc.rate.norm: 122057.034 B/op
                 gc.count:           2.000 counts
                 gc.time:            3.000 ms

Iteration   7: 175.609 us/op
                 gc.alloc.rate:      662.926 MB/sec
                 gc.alloc.rate.norm: 122090.605 B/op
                 gc.count:           2.000 counts
                 gc.time:            1.000 ms

Iteration   8: 192.854 us/op
                 gc.alloc.rate:      603.649 MB/sec
                 gc.alloc.rate.norm: 122089.145 B/op
                 gc.count:           2.000 counts
                 gc.time:            2.000 ms


# Run progress: 49.38% complete, ETA 00:12:33
# Fork: 2 of 3
# Warmup Iteration   1: 311.386 us/op
# Warmup Iteration   2: 182.932 us/op
# Warmup Iteration   3: 184.526 us/op
# Warmup Iteration   4: 175.076 us/op
# Warmup Iteration   5: 178.955 us/op
Iteration   1: 178.803 us/op
                 gc.alloc.rate:      652.430 MB/sec
                 gc.alloc.rate.norm: 122337.045 B/op
                 gc.count:           2.000 counts
                 gc.time:            3.000 ms

Iteration   2: 177.649 us/op
                 gc.alloc.rate:      656.645 MB/sec
                 gc.alloc.rate.norm: 122337.048 B/op
                 gc.count:           3.000 counts
                 gc.time:            5.000 ms

Iteration   3: 174.765 us/op
                 gc.alloc.rate:      667.460 MB/sec
                 gc.alloc.rate.norm: 122337.032 B/op
                 gc.count:           2.000 counts
                 gc.time:            1.000 ms

Iteration   4: 174.960 us/op
                 gc.alloc.rate:      666.751 MB/sec
                 gc.alloc.rate.norm: 122337.218 B/op
                 gc.count:           2.000 counts
                 gc.time:            1.000 ms

Iteration   5: 176.952 us/op
                 gc.alloc.rate:      659.223 MB/sec
                 gc.alloc.rate.norm: 122337.051 B/op
                 gc.count:           2.000 counts
                 gc.time:            1.000 ms

Iteration   6: 177.809 us/op
                 gc.alloc.rate:      656.051 MB/sec
                 gc.alloc.rate.norm: 122337.059 B/op
                 gc.count:           3.000 counts
                 gc.time:            2.000 ms

Iteration   7: 176.647 us/op
                 gc.alloc.rate:      660.520 MB/sec
                 gc.alloc.rate.norm: 122365.190 B/op
                 gc.count:           2.000 counts
                 gc.time:            1.000 ms

Iteration   8: 176.685 us/op
                 gc.alloc.rate:      660.422 MB/sec
                 gc.alloc.rate.norm: 122369.052 B/op
                 gc.count:           2.000 counts
                 gc.time:            1.000 ms


# Run progress: 50.62% complete, ETA 00:12:15
# Fork: 3 of 3
# Warmup Iteration   1: 278.371 us/op
# Warmup Iteration   2: 181.063 us/op
# Warmup Iteration   3: 179.620 us/op
# Warmup Iteration   4: 186.938 us/op
# Warmup Iteration   5: 183.549 us/op
Iteration   1: 176.121 us/op
                 gc.alloc.rate:      662.131 MB/sec
                 gc.alloc.rate.norm: 122297.044 B/op
                 gc.count:           3.000 counts
                 gc.time:            6.000 ms

Iteration   2: 172.948 us/op
                 gc.alloc.rate:      674.271 MB/sec
                 gc.alloc.rate.norm: 122297.028 B/op
                 gc.count:           2.000 counts
                 gc.time:            3.000 ms

Iteration   3: 172.575 us/op
                 gc.alloc.rate:      675.738 MB/sec
                 gc.alloc.rate.norm: 122297.023 B/op
                 gc.count:           2.000 counts
                 gc.time:            2.000 ms

Iteration   4: 173.626 us/op
                 gc.alloc.rate:      671.642 MB/sec
                 gc.alloc.rate.norm: 122297.208 B/op
                 gc.count:           2.000 counts
                 gc.time:            1.000 ms

Iteration   5: 173.654 us/op
                 gc.alloc.rate:      671.513 MB/sec
                 gc.alloc.rate.norm: 122297.035 B/op
                 gc.count:           3.000 counts
                 gc.time:            1.000 ms

Iteration   6: 173.784 us/op
                 gc.alloc.rate:      671.031 MB/sec
                 gc.alloc.rate.norm: 122297.029 B/op
                 gc.count:           2.000 counts
                 gc.time:            1.000 ms

Iteration   7: 174.276 us/op
                 gc.alloc.rate:      669.316 MB/sec
                 gc.alloc.rate.norm: 122328.795 B/op
                 gc.count:           2.000 counts
                 gc.time:            1.000 ms

Iteration   8: 174.285 us/op
                 gc.alloc.rate:      669.302 MB/sec
                 gc.alloc.rate.norm: 122329.025 B/op
                 gc.count:           2.000 counts
                 gc.time:            1.000 ms



Result "io.github.agentic.spring.ai.benchmark.graph.ParallelCrossoverGraphBenchmark.sequential":
  176.247 ±(99.9%) 3.085 us/op [Average]
  (min, avg, max) = (172.575, 176.247, 192.854), stdev = 4.011
  CI (99.9%): [173.162, 179.332] (assumes normal distribution)

Secondary result "io.github.agentic.spring.ai.benchmark.graph.ParallelCrossoverGraphBenchmark.sequential:gc.alloc.rate":
  661.649 ±(99.9%) 10.994 MB/sec [Average]
  (min, avg, max) = (603.649, 661.649, 675.738), stdev = 14.296
  CI (99.9%): [650.655, 672.644] (assumes normal distribution)

Secondary result "io.github.agentic.spring.ai.benchmark.graph.ParallelCrossoverGraphBenchmark.sequential:gc.alloc.rate.norm":
  122238.294 ±(99.9%) 97.544 B/op [Average]
  (min, avg, max) = (122057.029, 122238.294, 122369.052), stdev = 126.834
  CI (99.9%): [122140.750, 122335.838] (assumes normal distribution)

Secondary result "io.github.agentic.spring.ai.benchmark.graph.ParallelCrossoverGraphBenchmark.sequential:gc.count":
  53.000 ±(99.9%) 0.001 counts [Sum]
  (min, avg, max) = (2.000, 2.208, 3.000), stdev = 0.415
  CI (99.9%): [53.000, 53.000] (assumes normal distribution)

Secondary result "io.github.agentic.spring.ai.benchmark.graph.ParallelCrossoverGraphBenchmark.sequential:gc.time":
  48.000 ±(99.9%) 0.001 ms [Sum]
  (min, avg, max) = (1.000, 2.000, 6.000), stdev = 1.414
  CI (99.9%): [48.000, 48.000] (assumes normal distribution)


# JMH version: 1.37
# VM version: JDK 17.0.19, OpenJDK 64-Bit Server VM, 17.0.19+10-LTS
# VM invoker: <HOME>/.local/share/mise/installs/java/zulu-17.66.19.0/bin/java
# VM options: <none>
# Blackhole mode: compiler (auto-detected, use -Djmh.blackhole.autoDetect=false to disable)
# Warmup: 5 iterations, 1 s each
# Measurement: 8 iterations, 1 s each
# Timeout: 10 min per iteration
# Threads: 1 thread, will synchronize iterations
# Benchmark mode: Average time, time/op
# Benchmark: io.github.agentic.spring.ai.benchmark.graph.ParallelCrossoverGraphBenchmark.sequential
# Parameters: (branches = 8, cpuTokens = 100000)

# Run progress: 51.85% complete, ETA 00:11:56
# Fork: 1 of 3
# Warmup Iteration   1: 2089.692 us/op
# Warmup Iteration   2: 1658.241 us/op
# Warmup Iteration   3: 1589.442 us/op
# Warmup Iteration   4: 1565.272 us/op
# Warmup Iteration   5: 1563.374 us/op
Iteration   1: 1583.073 us/op
                 gc.alloc.rate:      73.592 MB/sec
                 gc.alloc.rate.norm: 122177.386 B/op
                 gc.count:           1.000 counts
                 gc.time:            2.000 ms

Iteration   2: 1587.100 us/op
                 gc.alloc.rate:      73.403 MB/sec
                 gc.alloc.rate.norm: 122177.350 B/op
                 gc.count:           ≈ 0 counts

Iteration   3: 1559.821 us/op
                 gc.alloc.rate:      74.689 MB/sec
                 gc.alloc.rate.norm: 122177.120 B/op
                 gc.count:           ≈ 0 counts

Iteration   4: 1598.524 us/op
                 gc.alloc.rate:      72.867 MB/sec
                 gc.alloc.rate.norm: 122153.806 B/op
                 gc.count:           ≈ 0 counts

Iteration   5: 1658.219 us/op
                 gc.alloc.rate:      70.164 MB/sec
                 gc.alloc.rate.norm: 122017.766 B/op
                 gc.count:           1.000 counts
                 gc.time:            1.000 ms

Iteration   6: 1639.750 us/op
                 gc.alloc.rate:      70.955 MB/sec
                 gc.alloc.rate.norm: 122017.670 B/op
                 gc.count:           ≈ 0 counts

Iteration   7: 1553.460 us/op
                 gc.alloc.rate:      74.896 MB/sec
                 gc.alloc.rate.norm: 122017.088 B/op
                 gc.count:           ≈ 0 counts

Iteration   8: 1611.536 us/op
                 gc.alloc.rate:      72.178 MB/sec
                 gc.alloc.rate.norm: 121986.987 B/op
                 gc.count:           ≈ 0 counts


# Run progress: 53.09% complete, ETA 00:11:38
# Fork: 2 of 3
# Warmup Iteration   1: 2039.792 us/op
# Warmup Iteration   2: 1708.120 us/op
# Warmup Iteration   3: 1644.502 us/op
# Warmup Iteration   4: 1583.910 us/op
# Warmup Iteration   5: 1608.746 us/op
Iteration   1: 1599.178 us/op
                 gc.alloc.rate:      72.850 MB/sec
                 gc.alloc.rate.norm: 122177.463 B/op
                 gc.count:           1.000 counts
                 gc.time:            2.000 ms

Iteration   2: 1593.057 us/op
                 gc.alloc.rate:      73.139 MB/sec
                 gc.alloc.rate.norm: 122189.021 B/op
                 gc.count:           ≈ 0 counts

Iteration   3: 1571.008 us/op
                 gc.alloc.rate:      74.156 MB/sec
                 gc.alloc.rate.norm: 122177.225 B/op
                 gc.count:           ≈ 0 counts

Iteration   4: 1564.568 us/op
                 gc.alloc.rate:      74.451 MB/sec
                 gc.alloc.rate.norm: 122163.882 B/op
                 gc.count:           ≈ 0 counts

Iteration   5: 1595.933 us/op
                 gc.alloc.rate:      72.874 MB/sec
                 gc.alloc.rate.norm: 121974.260 B/op
                 gc.count:           1.000 counts
                 gc.time:            2.000 ms

Iteration   6: 1594.897 us/op
                 gc.alloc.rate:      72.915 MB/sec
                 gc.alloc.rate.norm: 121961.369 B/op
                 gc.count:           ≈ 0 counts

Iteration   7: 1540.988 us/op
                 gc.alloc.rate:      75.470 MB/sec
                 gc.alloc.rate.norm: 121960.980 B/op
                 gc.count:           ≈ 0 counts

Iteration   8: 1745.692 us/op
                 gc.alloc.rate:      66.618 MB/sec
                 gc.alloc.rate.norm: 121962.157 B/op
                 gc.count:           ≈ 0 counts


# Run progress: 54.32% complete, ETA 00:11:20
# Fork: 3 of 3
# Warmup Iteration   1: 2021.137 us/op
# Warmup Iteration   2: 1618.376 us/op
# Warmup Iteration   3: 1609.467 us/op
# Warmup Iteration   4: 1575.118 us/op
# Warmup Iteration   5: 1580.078 us/op
Iteration   1: 1586.860 us/op
                 gc.alloc.rate:      73.417 MB/sec
                 gc.alloc.rate.norm: 122177.940 B/op
                 gc.count:           ≈ 0 counts

Iteration   2: 1572.539 us/op
                 gc.alloc.rate:      74.081 MB/sec
                 gc.alloc.rate.norm: 122177.225 B/op
                 gc.count:           ≈ 0 counts

Iteration   3: 1558.419 us/op
                 gc.alloc.rate:      74.754 MB/sec
                 gc.alloc.rate.norm: 122177.153 B/op
                 gc.count:           ≈ 0 counts

Iteration   4: 1565.409 us/op
                 gc.alloc.rate:      74.407 MB/sec
                 gc.alloc.rate.norm: 122149.700 B/op
                 gc.count:           1.000 counts
                 gc.time:            2.000 ms

Iteration   5: 1600.626 us/op
                 gc.alloc.rate:      72.718 MB/sec
                 gc.alloc.rate.norm: 122065.534 B/op
                 gc.count:           ≈ 0 counts

Iteration   6: 1582.630 us/op
                 gc.alloc.rate:      73.545 MB/sec
                 gc.alloc.rate.norm: 122065.296 B/op
                 gc.count:           ≈ 0 counts

Iteration   7: 1548.921 us/op
                 gc.alloc.rate:      75.146 MB/sec
                 gc.alloc.rate.norm: 122064.986 B/op
                 gc.count:           ≈ 0 counts

Iteration   8: 1608.112 us/op
                 gc.alloc.rate:      72.342 MB/sec
                 gc.alloc.rate.norm: 122005.304 B/op
                 gc.count:           ≈ 0 counts



Result "io.github.agentic.spring.ai.benchmark.graph.ParallelCrossoverGraphBenchmark.sequential":
  1592.513 ±(99.9%) 32.754 us/op [Average]
  (min, avg, max) = (1540.988, 1592.513, 1745.692), stdev = 42.589
  CI (99.9%): [1559.760, 1625.267] (assumes normal distribution)

Secondary result "io.github.agentic.spring.ai.benchmark.graph.ParallelCrossoverGraphBenchmark.sequential:gc.alloc.rate":
  73.151 ±(99.9%) 1.447 MB/sec [Average]
  (min, avg, max) = (66.618, 73.151, 75.470), stdev = 1.882
  CI (99.9%): [71.704, 74.599] (assumes normal distribution)

Secondary result "io.github.agentic.spring.ai.benchmark.graph.ParallelCrossoverGraphBenchmark.sequential:gc.alloc.rate.norm":
  122090.611 ±(99.9%) 68.461 B/op [Average]
  (min, avg, max) = (121960.980, 122090.611, 122189.021), stdev = 89.018
  CI (99.9%): [122022.150, 122159.072] (assumes normal distribution)

Secondary result "io.github.agentic.spring.ai.benchmark.graph.ParallelCrossoverGraphBenchmark.sequential:gc.count":
  5.000 ±(99.9%) 0.001 counts [Sum]
  (min, avg, max) = (≈ 0, 0.208, 1.000), stdev = 0.415
  CI (99.9%): [5.000, 5.000] (assumes normal distribution)

Secondary result "io.github.agentic.spring.ai.benchmark.graph.ParallelCrossoverGraphBenchmark.sequential:gc.time":
  9.000 ±(99.9%) 0.001 ms [Sum]
  (min, avg, max) = (≈ 0, 0.375, 2.000), stdev = 0.770
  CI (99.9%): [9.000, 9.000] (assumes normal distribution)


# JMH version: 1.37
# VM version: JDK 17.0.19, OpenJDK 64-Bit Server VM, 17.0.19+10-LTS
# VM invoker: <HOME>/.local/share/mise/installs/java/zulu-17.66.19.0/bin/java
# VM options: <none>
# Blackhole mode: compiler (auto-detected, use -Djmh.blackhole.autoDetect=false to disable)
# Warmup: 5 iterations, 1 s each
# Measurement: 8 iterations, 1 s each
# Timeout: 10 min per iteration
# Threads: 1 thread, will synchronize iterations
# Benchmark mode: Average time, time/op
# Benchmark: io.github.agentic.spring.ai.benchmark.graph.StateWidthGraphBenchmark.directMapBaseline
# Parameters: (nodeCount = 5, stateKeys = 1)

# Run progress: 55.56% complete, ETA 00:11:01
# Fork: 1 of 3
# Warmup Iteration   1: 0.094 us/op
# Warmup Iteration   2: 0.084 us/op
# Warmup Iteration   3: 0.087 us/op
# Warmup Iteration   4: 0.087 us/op
# Warmup Iteration   5: 0.087 us/op
Iteration   1: 0.089 us/op
                 gc.alloc.rate:      1550.554 MB/sec
                 gc.alloc.rate.norm: 144.001 B/op
                 gc.count:           5.000 counts
                 gc.time:            3.000 ms

Iteration   2: 0.087 us/op
                 gc.alloc.rate:      1573.230 MB/sec
                 gc.alloc.rate.norm: 144.001 B/op
                 gc.count:           5.000 counts
                 gc.time:            2.000 ms

Iteration   3: 0.087 us/op
                 gc.alloc.rate:      1571.688 MB/sec
                 gc.alloc.rate.norm: 144.001 B/op
                 gc.count:           5.000 counts
                 gc.time:            3.000 ms

Iteration   4: 0.087 us/op
                 gc.alloc.rate:      1579.250 MB/sec
                 gc.alloc.rate.norm: 144.001 B/op
                 gc.count:           6.000 counts
                 gc.time:            3.000 ms

Iteration   5: 0.087 us/op
                 gc.alloc.rate:      1581.323 MB/sec
                 gc.alloc.rate.norm: 144.001 B/op
                 gc.count:           5.000 counts
                 gc.time:            3.000 ms

Iteration   6: 0.087 us/op
                 gc.alloc.rate:      1586.734 MB/sec
                 gc.alloc.rate.norm: 144.001 B/op
                 gc.count:           5.000 counts
                 gc.time:            2.000 ms

Iteration   7: 0.087 us/op
                 gc.alloc.rate:      1582.837 MB/sec
                 gc.alloc.rate.norm: 144.001 B/op
                 gc.count:           5.000 counts
                 gc.time:            3.000 ms

Iteration   8: 0.088 us/op
                 gc.alloc.rate:      1558.783 MB/sec
                 gc.alloc.rate.norm: 144.001 B/op
                 gc.count:           6.000 counts
                 gc.time:            3.000 ms


# Run progress: 56.79% complete, ETA 00:10:43
# Fork: 2 of 3
# Warmup Iteration   1: 0.112 us/op
# Warmup Iteration   2: 0.081 us/op
# Warmup Iteration   3: 0.107 us/op
# Warmup Iteration   4: 0.108 us/op
# Warmup Iteration   5: 0.108 us/op
Iteration   1: 0.108 us/op
                 gc.alloc.rate:      1271.038 MB/sec
                 gc.alloc.rate.norm: 144.001 B/op
                 gc.count:           4.000 counts
                 gc.time:            2.000 ms

Iteration   2: 0.109 us/op
                 gc.alloc.rate:      1260.007 MB/sec
                 gc.alloc.rate.norm: 144.001 B/op
                 gc.count:           4.000 counts
                 gc.time:            2.000 ms

Iteration   3: 0.113 us/op
                 gc.alloc.rate:      1211.997 MB/sec
                 gc.alloc.rate.norm: 144.001 B/op
                 gc.count:           4.000 counts
                 gc.time:            2.000 ms

Iteration   4: 0.109 us/op
                 gc.alloc.rate:      1261.123 MB/sec
                 gc.alloc.rate.norm: 144.001 B/op
                 gc.count:           5.000 counts
                 gc.time:            2.000 ms

Iteration   5: 0.113 us/op
                 gc.alloc.rate:      1212.934 MB/sec
                 gc.alloc.rate.norm: 144.001 B/op
                 gc.count:           4.000 counts
                 gc.time:            2.000 ms

Iteration   6: 0.107 us/op
                 gc.alloc.rate:      1278.157 MB/sec
                 gc.alloc.rate.norm: 144.001 B/op
                 gc.count:           4.000 counts
                 gc.time:            2.000 ms

Iteration   7: 0.107 us/op
                 gc.alloc.rate:      1285.867 MB/sec
                 gc.alloc.rate.norm: 144.001 B/op
                 gc.count:           4.000 counts
                 gc.time:            3.000 ms

Iteration   8: 0.107 us/op
                 gc.alloc.rate:      1285.247 MB/sec
                 gc.alloc.rate.norm: 144.001 B/op
                 gc.count:           5.000 counts
                 gc.time:            2.000 ms


# Run progress: 58.02% complete, ETA 00:10:25
# Fork: 3 of 3
# Warmup Iteration   1: 0.092 us/op
# Warmup Iteration   2: 0.083 us/op
# Warmup Iteration   3: 0.083 us/op
# Warmup Iteration   4: 0.084 us/op
# Warmup Iteration   5: 0.083 us/op
Iteration   1: 0.083 us/op
                 gc.alloc.rate:      1645.600 MB/sec
                 gc.alloc.rate.norm: 144.000 B/op
                 gc.count:           6.000 counts
                 gc.time:            2.000 ms

Iteration   2: 0.083 us/op
                 gc.alloc.rate:      1645.018 MB/sec
                 gc.alloc.rate.norm: 144.000 B/op
                 gc.count:           5.000 counts
                 gc.time:            3.000 ms

Iteration   3: 0.083 us/op
                 gc.alloc.rate:      1647.188 MB/sec
                 gc.alloc.rate.norm: 144.000 B/op
                 gc.count:           6.000 counts
                 gc.time:            3.000 ms

Iteration   4: 0.084 us/op
                 gc.alloc.rate:      1638.421 MB/sec
                 gc.alloc.rate.norm: 144.000 B/op
                 gc.count:           5.000 counts
                 gc.time:            3.000 ms

Iteration   5: 0.083 us/op
                 gc.alloc.rate:      1649.552 MB/sec
                 gc.alloc.rate.norm: 144.000 B/op
                 gc.count:           6.000 counts
                 gc.time:            3.000 ms

Iteration   6: 0.084 us/op
                 gc.alloc.rate:      1643.620 MB/sec
                 gc.alloc.rate.norm: 144.000 B/op
                 gc.count:           5.000 counts
                 gc.time:            3.000 ms

Iteration   7: 0.083 us/op
                 gc.alloc.rate:      1645.891 MB/sec
                 gc.alloc.rate.norm: 144.000 B/op
                 gc.count:           6.000 counts
                 gc.time:            3.000 ms

Iteration   8: 0.084 us/op
                 gc.alloc.rate:      1642.879 MB/sec
                 gc.alloc.rate.norm: 144.000 B/op
                 gc.count:           6.000 counts
                 gc.time:            3.000 ms



Result "io.github.agentic.spring.ai.benchmark.graph.StateWidthGraphBenchmark.directMapBaseline":
  0.093 ±(99.9%) 0.009 us/op [Average]
  (min, avg, max) = (0.083, 0.093, 0.113), stdev = 0.012
  CI (99.9%): [0.084, 0.102] (assumes normal distribution)

Secondary result "io.github.agentic.spring.ai.benchmark.graph.StateWidthGraphBenchmark.directMapBaseline:gc.alloc.rate":
  1492.039 ±(99.9%) 132.590 MB/sec [Average]
  (min, avg, max) = (1211.997, 1492.039, 1649.552), stdev = 172.405
  CI (99.9%): [1359.449, 1624.629] (assumes normal distribution)

Secondary result "io.github.agentic.spring.ai.benchmark.graph.StateWidthGraphBenchmark.directMapBaseline:gc.alloc.rate.norm":
  144.001 ±(99.9%) 0.001 B/op [Average]
  (min, avg, max) = (144.000, 144.001, 144.001), stdev = 0.001
  CI (99.9%): [144.000, 144.001] (assumes normal distribution)

Secondary result "io.github.agentic.spring.ai.benchmark.graph.StateWidthGraphBenchmark.directMapBaseline:gc.count":
  121.000 ±(99.9%) 0.001 counts [Sum]
  (min, avg, max) = (4.000, 5.042, 6.000), stdev = 0.751
  CI (99.9%): [121.000, 121.000] (assumes normal distribution)

Secondary result "io.github.agentic.spring.ai.benchmark.graph.StateWidthGraphBenchmark.directMapBaseline:gc.time":
  62.000 ±(99.9%) 0.001 ms [Sum]
  (min, avg, max) = (2.000, 2.583, 3.000), stdev = 0.504
  CI (99.9%): [62.000, 62.000] (assumes normal distribution)


# JMH version: 1.37
# VM version: JDK 17.0.19, OpenJDK 64-Bit Server VM, 17.0.19+10-LTS
# VM invoker: <HOME>/.local/share/mise/installs/java/zulu-17.66.19.0/bin/java
# VM options: <none>
# Blackhole mode: compiler (auto-detected, use -Djmh.blackhole.autoDetect=false to disable)
# Warmup: 5 iterations, 1 s each
# Measurement: 8 iterations, 1 s each
# Timeout: 10 min per iteration
# Threads: 1 thread, will synchronize iterations
# Benchmark mode: Average time, time/op
# Benchmark: io.github.agentic.spring.ai.benchmark.graph.StateWidthGraphBenchmark.directMapBaseline
# Parameters: (nodeCount = 5, stateKeys = 10)

# Run progress: 59.26% complete, ETA 00:10:06
# Fork: 1 of 3
# Warmup Iteration   1: 0.165 us/op
# Warmup Iteration   2: 0.150 us/op
# Warmup Iteration   3: 0.149 us/op
# Warmup Iteration   4: 0.152 us/op
# Warmup Iteration   5: 0.150 us/op
Iteration   1: 0.150 us/op
                 gc.alloc.rate:      3057.370 MB/sec
                 gc.alloc.rate.norm: 480.001 B/op
                 gc.count:           11.000 counts
                 gc.time:            6.000 ms

Iteration   2: 0.150 us/op
                 gc.alloc.rate:      3059.620 MB/sec
                 gc.alloc.rate.norm: 480.001 B/op
                 gc.count:           10.000 counts
                 gc.time:            5.000 ms

Iteration   3: 0.150 us/op
                 gc.alloc.rate:      3043.229 MB/sec
                 gc.alloc.rate.norm: 480.001 B/op
                 gc.count:           10.000 counts
                 gc.time:            5.000 ms

Iteration   4: 0.151 us/op
                 gc.alloc.rate:      3030.545 MB/sec
                 gc.alloc.rate.norm: 480.001 B/op
                 gc.count:           10.000 counts
                 gc.time:            5.000 ms

Iteration   5: 0.150 us/op
                 gc.alloc.rate:      3045.476 MB/sec
                 gc.alloc.rate.norm: 480.001 B/op
                 gc.count:           11.000 counts
                 gc.time:            6.000 ms

Iteration   6: 0.158 us/op
                 gc.alloc.rate:      2891.247 MB/sec
                 gc.alloc.rate.norm: 480.001 B/op
                 gc.count:           9.000 counts
                 gc.time:            4.000 ms

Iteration   7: 0.162 us/op
                 gc.alloc.rate:      2821.205 MB/sec
                 gc.alloc.rate.norm: 480.001 B/op
                 gc.count:           10.000 counts
                 gc.time:            5.000 ms

Iteration   8: 0.150 us/op
                 gc.alloc.rate:      3048.986 MB/sec
                 gc.alloc.rate.norm: 480.001 B/op
                 gc.count:           10.000 counts
                 gc.time:            6.000 ms


# Run progress: 60.49% complete, ETA 00:09:48
# Fork: 2 of 3
# Warmup Iteration   1: 0.157 us/op
# Warmup Iteration   2: 0.153 us/op
# Warmup Iteration   3: 0.152 us/op
# Warmup Iteration   4: 0.154 us/op
# Warmup Iteration   5: 0.151 us/op
Iteration   1: 0.151 us/op
                 gc.alloc.rate:      3031.619 MB/sec
                 gc.alloc.rate.norm: 480.001 B/op
                 gc.count:           10.000 counts
                 gc.time:            6.000 ms

Iteration   2: 0.151 us/op
                 gc.alloc.rate:      3031.865 MB/sec
                 gc.alloc.rate.norm: 480.001 B/op
                 gc.count:           11.000 counts
                 gc.time:            5.000 ms

Iteration   3: 0.152 us/op
                 gc.alloc.rate:      3017.652 MB/sec
                 gc.alloc.rate.norm: 480.001 B/op
                 gc.count:           10.000 counts
                 gc.time:            5.000 ms

Iteration   4: 0.151 us/op
                 gc.alloc.rate:      3025.479 MB/sec
                 gc.alloc.rate.norm: 480.001 B/op
                 gc.count:           10.000 counts
                 gc.time:            5.000 ms

Iteration   5: 0.152 us/op
                 gc.alloc.rate:      3016.494 MB/sec
                 gc.alloc.rate.norm: 480.001 B/op
                 gc.count:           10.000 counts
                 gc.time:            4.000 ms

Iteration   6: 0.152 us/op
                 gc.alloc.rate:      3017.507 MB/sec
                 gc.alloc.rate.norm: 480.001 B/op
                 gc.count:           10.000 counts
                 gc.time:            6.000 ms

Iteration   7: 0.153 us/op
                 gc.alloc.rate:      2998.951 MB/sec
                 gc.alloc.rate.norm: 480.001 B/op
                 gc.count:           10.000 counts
                 gc.time:            5.000 ms

Iteration   8: 0.155 us/op
                 gc.alloc.rate:      2961.128 MB/sec
                 gc.alloc.rate.norm: 480.001 B/op
                 gc.count:           10.000 counts
                 gc.time:            5.000 ms


# Run progress: 61.73% complete, ETA 00:09:29
# Fork: 3 of 3
# Warmup Iteration   1: 0.159 us/op
# Warmup Iteration   2: 0.154 us/op
# Warmup Iteration   3: 0.152 us/op
# Warmup Iteration   4: 0.152 us/op
# Warmup Iteration   5: 0.152 us/op
Iteration   1: 0.152 us/op
                 gc.alloc.rate:      3002.253 MB/sec
                 gc.alloc.rate.norm: 480.001 B/op
                 gc.count:           10.000 counts
                 gc.time:            5.000 ms

Iteration   2: 0.155 us/op
                 gc.alloc.rate:      2954.430 MB/sec
                 gc.alloc.rate.norm: 480.001 B/op
                 gc.count:           10.000 counts
                 gc.time:            6.000 ms

Iteration   3: 0.158 us/op
                 gc.alloc.rate:      2900.611 MB/sec
                 gc.alloc.rate.norm: 480.001 B/op
                 gc.count:           10.000 counts
                 gc.time:            5.000 ms

Iteration   4: 0.157 us/op
                 gc.alloc.rate:      2914.751 MB/sec
                 gc.alloc.rate.norm: 480.001 B/op
                 gc.count:           10.000 counts
                 gc.time:            5.000 ms

Iteration   5: 0.157 us/op
                 gc.alloc.rate:      2914.580 MB/sec
                 gc.alloc.rate.norm: 480.001 B/op
                 gc.count:           9.000 counts
                 gc.time:            5.000 ms

Iteration   6: 0.155 us/op
                 gc.alloc.rate:      2960.781 MB/sec
                 gc.alloc.rate.norm: 480.001 B/op
                 gc.count:           10.000 counts
                 gc.time:            5.000 ms

Iteration   7: 0.156 us/op
                 gc.alloc.rate:      2942.651 MB/sec
                 gc.alloc.rate.norm: 480.001 B/op
                 gc.count:           10.000 counts
                 gc.time:            5.000 ms

Iteration   8: 0.154 us/op
                 gc.alloc.rate:      2976.304 MB/sec
                 gc.alloc.rate.norm: 480.001 B/op
                 gc.count:           10.000 counts
                 gc.time:            6.000 ms



Result "io.github.agentic.spring.ai.benchmark.graph.StateWidthGraphBenchmark.directMapBaseline":
  0.153 ±(99.9%) 0.003 us/op [Average]
  (min, avg, max) = (0.150, 0.153, 0.162), stdev = 0.003
  CI (99.9%): [0.151, 0.156] (assumes normal distribution)

Secondary result "io.github.agentic.spring.ai.benchmark.graph.StateWidthGraphBenchmark.directMapBaseline:gc.alloc.rate":
  2986.031 ±(99.9%) 48.163 MB/sec [Average]
  (min, avg, max) = (2821.205, 2986.031, 3059.620), stdev = 62.626
  CI (99.9%): [2937.867, 3034.194] (assumes normal distribution)

Secondary result "io.github.agentic.spring.ai.benchmark.graph.StateWidthGraphBenchmark.directMapBaseline:gc.alloc.rate.norm":
  480.001 ±(99.9%) 0.001 B/op [Average]
  (min, avg, max) = (480.001, 480.001, 480.001), stdev = 0.001
  CI (99.9%): [480.001, 480.001] (assumes normal distribution)

Secondary result "io.github.agentic.spring.ai.benchmark.graph.StateWidthGraphBenchmark.directMapBaseline:gc.count":
  241.000 ±(99.9%) 0.001 counts [Sum]
  (min, avg, max) = (9.000, 10.042, 11.000), stdev = 0.464
  CI (99.9%): [241.000, 241.000] (assumes normal distribution)

Secondary result "io.github.agentic.spring.ai.benchmark.graph.StateWidthGraphBenchmark.directMapBaseline:gc.time":
  125.000 ±(99.9%) 0.001 ms [Sum]
  (min, avg, max) = (4.000, 5.208, 6.000), stdev = 0.588
  CI (99.9%): [125.000, 125.000] (assumes normal distribution)


# JMH version: 1.37
# VM version: JDK 17.0.19, OpenJDK 64-Bit Server VM, 17.0.19+10-LTS
# VM invoker: <HOME>/.local/share/mise/installs/java/zulu-17.66.19.0/bin/java
# VM options: <none>
# Blackhole mode: compiler (auto-detected, use -Djmh.blackhole.autoDetect=false to disable)
# Warmup: 5 iterations, 1 s each
# Measurement: 8 iterations, 1 s each
# Timeout: 10 min per iteration
# Threads: 1 thread, will synchronize iterations
# Benchmark mode: Average time, time/op
# Benchmark: io.github.agentic.spring.ai.benchmark.graph.StateWidthGraphBenchmark.directMapBaseline
# Parameters: (nodeCount = 5, stateKeys = 50)

# Run progress: 62.96% complete, ETA 00:09:11
# Fork: 1 of 3
# Warmup Iteration   1: 0.541 us/op
# Warmup Iteration   2: 0.520 us/op
# Warmup Iteration   3: 0.523 us/op
# Warmup Iteration   4: 0.524 us/op
# Warmup Iteration   5: 0.551 us/op
Iteration   1: 0.524 us/op
                 gc.alloc.rate:      4021.429 MB/sec
                 gc.alloc.rate.norm: 2208.003 B/op
                 gc.count:           13.000 counts
                 gc.time:            7.000 ms

Iteration   2: 0.521 us/op
                 gc.alloc.rate:      4039.687 MB/sec
                 gc.alloc.rate.norm: 2208.003 B/op
                 gc.count:           14.000 counts
                 gc.time:            8.000 ms

Iteration   3: 0.522 us/op
                 gc.alloc.rate:      4034.082 MB/sec
                 gc.alloc.rate.norm: 2208.003 B/op
                 gc.count:           13.000 counts
                 gc.time:            6.000 ms

Iteration   4: 0.523 us/op
                 gc.alloc.rate:      4022.965 MB/sec
                 gc.alloc.rate.norm: 2208.003 B/op
                 gc.count:           14.000 counts
                 gc.time:            7.000 ms

Iteration   5: 0.524 us/op
                 gc.alloc.rate:      4017.754 MB/sec
                 gc.alloc.rate.norm: 2208.003 B/op
                 gc.count:           13.000 counts
                 gc.time:            7.000 ms

Iteration   6: 0.524 us/op
                 gc.alloc.rate:      4015.149 MB/sec
                 gc.alloc.rate.norm: 2208.003 B/op
                 gc.count:           14.000 counts
                 gc.time:            7.000 ms

Iteration   7: 0.524 us/op
                 gc.alloc.rate:      4018.553 MB/sec
                 gc.alloc.rate.norm: 2208.003 B/op
                 gc.count:           13.000 counts
                 gc.time:            7.000 ms

Iteration   8: 0.525 us/op
                 gc.alloc.rate:      4012.405 MB/sec
                 gc.alloc.rate.norm: 2208.003 B/op
                 gc.count:           13.000 counts
                 gc.time:            7.000 ms


# Run progress: 64.20% complete, ETA 00:08:53
# Fork: 2 of 3
# Warmup Iteration   1: 0.558 us/op
# Warmup Iteration   2: 0.555 us/op
# Warmup Iteration   3: 0.553 us/op
# Warmup Iteration   4: 0.542 us/op
# Warmup Iteration   5: 0.541 us/op
Iteration   1: 0.541 us/op
                 gc.alloc.rate:      3892.947 MB/sec
                 gc.alloc.rate.norm: 2208.003 B/op
                 gc.count:           13.000 counts
                 gc.time:            6.000 ms

Iteration   2: 0.548 us/op
                 gc.alloc.rate:      3843.509 MB/sec
                 gc.alloc.rate.norm: 2208.003 B/op
                 gc.count:           13.000 counts
                 gc.time:            7.000 ms

Iteration   3: 0.541 us/op
                 gc.alloc.rate:      3889.314 MB/sec
                 gc.alloc.rate.norm: 2208.003 B/op
                 gc.count:           13.000 counts
                 gc.time:            6.000 ms

Iteration   4: 0.541 us/op
                 gc.alloc.rate:      3888.249 MB/sec
                 gc.alloc.rate.norm: 2208.003 B/op
                 gc.count:           13.000 counts
                 gc.time:            7.000 ms

Iteration   5: 0.538 us/op
                 gc.alloc.rate:      3910.045 MB/sec
                 gc.alloc.rate.norm: 2208.003 B/op
                 gc.count:           13.000 counts
                 gc.time:            7.000 ms

Iteration   6: 0.543 us/op
                 gc.alloc.rate:      3878.517 MB/sec
                 gc.alloc.rate.norm: 2208.003 B/op
                 gc.count:           14.000 counts
                 gc.time:            7.000 ms

Iteration   7: 0.539 us/op
                 gc.alloc.rate:      3903.455 MB/sec
                 gc.alloc.rate.norm: 2208.003 B/op
                 gc.count:           13.000 counts
                 gc.time:            6.000 ms

Iteration   8: 0.548 us/op
                 gc.alloc.rate:      3842.847 MB/sec
                 gc.alloc.rate.norm: 2208.003 B/op
                 gc.count:           12.000 counts
                 gc.time:            7.000 ms


# Run progress: 65.43% complete, ETA 00:08:34
# Fork: 3 of 3
# Warmup Iteration   1: 0.526 us/op
# Warmup Iteration   2: 0.522 us/op
# Warmup Iteration   3: 0.510 us/op
# Warmup Iteration   4: 0.510 us/op
# Warmup Iteration   5: 0.510 us/op
Iteration   1: 0.509 us/op
                 gc.alloc.rate:      4135.453 MB/sec
                 gc.alloc.rate.norm: 2208.003 B/op
                 gc.count:           14.000 counts
                 gc.time:            7.000 ms

Iteration   2: 0.505 us/op
                 gc.alloc.rate:      4167.478 MB/sec
                 gc.alloc.rate.norm: 2208.003 B/op
                 gc.count:           13.000 counts
                 gc.time:            7.000 ms

Iteration   3: 0.504 us/op
                 gc.alloc.rate:      4174.225 MB/sec
                 gc.alloc.rate.norm: 2208.003 B/op
                 gc.count:           14.000 counts
                 gc.time:            7.000 ms

Iteration   4: 0.506 us/op
                 gc.alloc.rate:      4163.580 MB/sec
                 gc.alloc.rate.norm: 2208.003 B/op
                 gc.count:           14.000 counts
                 gc.time:            7.000 ms

Iteration   5: 0.507 us/op
                 gc.alloc.rate:      4155.011 MB/sec
                 gc.alloc.rate.norm: 2208.003 B/op
                 gc.count:           14.000 counts
                 gc.time:            7.000 ms

Iteration   6: 0.508 us/op
                 gc.alloc.rate:      4147.510 MB/sec
                 gc.alloc.rate.norm: 2208.003 B/op
                 gc.count:           14.000 counts
                 gc.time:            7.000 ms

Iteration   7: 0.513 us/op
                 gc.alloc.rate:      4104.219 MB/sec
                 gc.alloc.rate.norm: 2208.003 B/op
                 gc.count:           14.000 counts
                 gc.time:            7.000 ms

Iteration   8: 0.548 us/op
                 gc.alloc.rate:      3843.166 MB/sec
                 gc.alloc.rate.norm: 2208.003 B/op
                 gc.count:           13.000 counts
                 gc.time:            7.000 ms



Result "io.github.agentic.spring.ai.benchmark.graph.StateWidthGraphBenchmark.directMapBaseline":
  0.526 ±(99.9%) 0.012 us/op [Average]
  (min, avg, max) = (0.504, 0.526, 0.548), stdev = 0.015
  CI (99.9%): [0.514, 0.538] (assumes normal distribution)

Secondary result "io.github.agentic.spring.ai.benchmark.graph.StateWidthGraphBenchmark.directMapBaseline:gc.alloc.rate":
  4005.065 ±(99.9%) 88.774 MB/sec [Average]
  (min, avg, max) = (3842.847, 4005.065, 4174.225), stdev = 115.432
  CI (99.9%): [3916.290, 4093.839] (assumes normal distribution)

Secondary result "io.github.agentic.spring.ai.benchmark.graph.StateWidthGraphBenchmark.directMapBaseline:gc.alloc.rate.norm":
  2208.003 ±(99.9%) 0.001 B/op [Average]
  (min, avg, max) = (2208.003, 2208.003, 2208.003), stdev = 0.001
  CI (99.9%): [2208.003, 2208.003] (assumes normal distribution)

Secondary result "io.github.agentic.spring.ai.benchmark.graph.StateWidthGraphBenchmark.directMapBaseline:gc.count":
  321.000 ±(99.9%) 0.001 counts [Sum]
  (min, avg, max) = (12.000, 13.375, 14.000), stdev = 0.576
  CI (99.9%): [321.000, 321.000] (assumes normal distribution)

Secondary result "io.github.agentic.spring.ai.benchmark.graph.StateWidthGraphBenchmark.directMapBaseline:gc.time":
  165.000 ±(99.9%) 0.001 ms [Sum]
  (min, avg, max) = (6.000, 6.875, 8.000), stdev = 0.448
  CI (99.9%): [165.000, 165.000] (assumes normal distribution)


# JMH version: 1.37
# VM version: JDK 17.0.19, OpenJDK 64-Bit Server VM, 17.0.19+10-LTS
# VM invoker: <HOME>/.local/share/mise/installs/java/zulu-17.66.19.0/bin/java
# VM options: <none>
# Blackhole mode: compiler (auto-detected, use -Djmh.blackhole.autoDetect=false to disable)
# Warmup: 5 iterations, 1 s each
# Measurement: 8 iterations, 1 s each
# Timeout: 10 min per iteration
# Threads: 1 thread, will synchronize iterations
# Benchmark mode: Average time, time/op
# Benchmark: io.github.agentic.spring.ai.benchmark.graph.StateWidthGraphBenchmark.directMapBaseline
# Parameters: (nodeCount = 20, stateKeys = 1)

# Run progress: 66.67% complete, ETA 00:08:16
# Fork: 1 of 3
# Warmup Iteration   1: 0.261 us/op
# Warmup Iteration   2: 0.235 us/op
# Warmup Iteration   3: 0.265 us/op
# Warmup Iteration   4: 0.255 us/op
# Warmup Iteration   5: 0.259 us/op
Iteration   1: 0.253 us/op
                 gc.alloc.rate:      542.828 MB/sec
                 gc.alloc.rate.norm: 144.001 B/op
                 gc.count:           2.000 counts
                 gc.time:            1.000 ms

Iteration   2: 0.249 us/op
                 gc.alloc.rate:      551.443 MB/sec
                 gc.alloc.rate.norm: 144.001 B/op
                 gc.count:           2.000 counts
                 gc.time:            2.000 ms

Iteration   3: 0.246 us/op
                 gc.alloc.rate:      558.323 MB/sec
                 gc.alloc.rate.norm: 144.001 B/op
                 gc.count:           2.000 counts
                 gc.time:            1.000 ms

Iteration   4: 0.249 us/op
                 gc.alloc.rate:      552.105 MB/sec
                 gc.alloc.rate.norm: 144.001 B/op
                 gc.count:           2.000 counts
                 gc.time:            1.000 ms

Iteration   5: 0.245 us/op
                 gc.alloc.rate:      559.951 MB/sec
                 gc.alloc.rate.norm: 144.001 B/op
                 gc.count:           2.000 counts
                 gc.time:            1.000 ms

Iteration   6: 0.245 us/op
                 gc.alloc.rate:      560.624 MB/sec
                 gc.alloc.rate.norm: 144.001 B/op
                 gc.count:           1.000 counts
                 gc.time:            1.000 ms

Iteration   7: 0.244 us/op
                 gc.alloc.rate:      561.797 MB/sec
                 gc.alloc.rate.norm: 144.001 B/op
                 gc.count:           2.000 counts
                 gc.time:            1.000 ms

Iteration   8: 0.246 us/op
                 gc.alloc.rate:      557.379 MB/sec
                 gc.alloc.rate.norm: 144.001 B/op
                 gc.count:           2.000 counts
                 gc.time:            1.000 ms


# Run progress: 67.90% complete, ETA 00:07:57
# Fork: 2 of 3
# Warmup Iteration   1: 0.263 us/op
# Warmup Iteration   2: 0.238 us/op
# Warmup Iteration   3: 0.246 us/op
# Warmup Iteration   4: 0.246 us/op
# Warmup Iteration   5: 0.246 us/op
Iteration   1: 0.246 us/op
                 gc.alloc.rate:      559.188 MB/sec
                 gc.alloc.rate.norm: 144.001 B/op
                 gc.count:           1.000 counts
                 gc.time:            1.000 ms

Iteration   2: 0.246 us/op
                 gc.alloc.rate:      557.996 MB/sec
                 gc.alloc.rate.norm: 144.001 B/op
                 gc.count:           2.000 counts
                 gc.time:            1.000 ms

Iteration   3: 0.246 us/op
                 gc.alloc.rate:      558.136 MB/sec
                 gc.alloc.rate.norm: 144.001 B/op
                 gc.count:           2.000 counts
                 gc.time:            2.000 ms

Iteration   4: 0.252 us/op
                 gc.alloc.rate:      545.155 MB/sec
                 gc.alloc.rate.norm: 144.001 B/op
                 gc.count:           2.000 counts
                 gc.time:            1.000 ms

Iteration   5: 0.247 us/op
                 gc.alloc.rate:      555.533 MB/sec
                 gc.alloc.rate.norm: 144.001 B/op
                 gc.count:           2.000 counts
                 gc.time:            1.000 ms

Iteration   6: 0.248 us/op
                 gc.alloc.rate:      553.524 MB/sec
                 gc.alloc.rate.norm: 144.001 B/op
                 gc.count:           2.000 counts
                 gc.time:            1.000 ms

Iteration   7: 0.245 us/op
                 gc.alloc.rate:      559.977 MB/sec
                 gc.alloc.rate.norm: 144.001 B/op
                 gc.count:           2.000 counts
                 gc.time:            1.000 ms

Iteration   8: 0.246 us/op
                 gc.alloc.rate:      558.885 MB/sec
                 gc.alloc.rate.norm: 144.001 B/op
                 gc.count:           1.000 counts
                 gc.time:            ≈ 0 ms


# Run progress: 69.14% complete, ETA 00:07:39
# Fork: 3 of 3
# Warmup Iteration   1: 0.277 us/op
# Warmup Iteration   2: 0.235 us/op
# Warmup Iteration   3: 0.246 us/op
# Warmup Iteration   4: 0.246 us/op
# Warmup Iteration   5: 0.246 us/op
Iteration   1: 0.249 us/op
                 gc.alloc.rate:      550.463 MB/sec
                 gc.alloc.rate.norm: 144.001 B/op
                 gc.count:           1.000 counts
                 gc.time:            1.000 ms

Iteration   2: 0.247 us/op
                 gc.alloc.rate:      554.873 MB/sec
                 gc.alloc.rate.norm: 144.001 B/op
                 gc.count:           2.000 counts
                 gc.time:            1.000 ms

Iteration   3: 0.248 us/op
                 gc.alloc.rate:      553.080 MB/sec
                 gc.alloc.rate.norm: 144.001 B/op
                 gc.count:           2.000 counts
                 gc.time:            2.000 ms

Iteration   4: 0.247 us/op
                 gc.alloc.rate:      555.374 MB/sec
                 gc.alloc.rate.norm: 144.001 B/op
                 gc.count:           2.000 counts
                 gc.time:            1.000 ms

Iteration   5: 0.247 us/op
                 gc.alloc.rate:      556.178 MB/sec
                 gc.alloc.rate.norm: 144.001 B/op
                 gc.count:           2.000 counts
                 gc.time:            1.000 ms

Iteration   6: 0.246 us/op
                 gc.alloc.rate:      557.638 MB/sec
                 gc.alloc.rate.norm: 144.001 B/op
                 gc.count:           2.000 counts
                 gc.time:            1.000 ms

Iteration   7: 0.247 us/op
                 gc.alloc.rate:      555.542 MB/sec
                 gc.alloc.rate.norm: 144.001 B/op
                 gc.count:           2.000 counts
                 gc.time:            1.000 ms

Iteration   8: 0.247 us/op
                 gc.alloc.rate:      555.563 MB/sec
                 gc.alloc.rate.norm: 144.001 B/op
                 gc.count:           1.000 counts
                 gc.time:            1.000 ms



Result "io.github.agentic.spring.ai.benchmark.graph.StateWidthGraphBenchmark.directMapBaseline":
  0.247 ±(99.9%) 0.002 us/op [Average]
  (min, avg, max) = (0.244, 0.247, 0.253), stdev = 0.002
  CI (99.9%): [0.246, 0.249] (assumes normal distribution)

Secondary result "io.github.agentic.spring.ai.benchmark.graph.StateWidthGraphBenchmark.directMapBaseline:gc.alloc.rate":
  555.481 ±(99.9%) 3.556 MB/sec [Average]
  (min, avg, max) = (542.828, 555.481, 561.797), stdev = 4.623
  CI (99.9%): [551.926, 559.037] (assumes normal distribution)

Secondary result "io.github.agentic.spring.ai.benchmark.graph.StateWidthGraphBenchmark.directMapBaseline:gc.alloc.rate.norm":
  144.001 ±(99.9%) 0.001 B/op [Average]
  (min, avg, max) = (144.001, 144.001, 144.001), stdev = 0.001
  CI (99.9%): [144.001, 144.001] (assumes normal distribution)

Secondary result "io.github.agentic.spring.ai.benchmark.graph.StateWidthGraphBenchmark.directMapBaseline:gc.count":
  43.000 ±(99.9%) 0.001 counts [Sum]
  (min, avg, max) = (1.000, 1.792, 2.000), stdev = 0.415
  CI (99.9%): [43.000, 43.000] (assumes normal distribution)

Secondary result "io.github.agentic.spring.ai.benchmark.graph.StateWidthGraphBenchmark.directMapBaseline:gc.time":
  26.000 ±(99.9%) 0.001 ms [Sum]
  (min, avg, max) = (≈ 0, 1.083, 2.000), stdev = 0.408
  CI (99.9%): [26.000, 26.000] (assumes normal distribution)


# JMH version: 1.37
# VM version: JDK 17.0.19, OpenJDK 64-Bit Server VM, 17.0.19+10-LTS
# VM invoker: <HOME>/.local/share/mise/installs/java/zulu-17.66.19.0/bin/java
# VM options: <none>
# Blackhole mode: compiler (auto-detected, use -Djmh.blackhole.autoDetect=false to disable)
# Warmup: 5 iterations, 1 s each
# Measurement: 8 iterations, 1 s each
# Timeout: 10 min per iteration
# Threads: 1 thread, will synchronize iterations
# Benchmark mode: Average time, time/op
# Benchmark: io.github.agentic.spring.ai.benchmark.graph.StateWidthGraphBenchmark.directMapBaseline
# Parameters: (nodeCount = 20, stateKeys = 10)

# Run progress: 70.37% complete, ETA 00:07:21
# Fork: 1 of 3
# Warmup Iteration   1: 0.296 us/op
# Warmup Iteration   2: 0.295 us/op
# Warmup Iteration   3: 0.291 us/op
# Warmup Iteration   4: 0.293 us/op
# Warmup Iteration   5: 0.285 us/op
Iteration   1: 0.291 us/op
                 gc.alloc.rate:      1572.088 MB/sec
                 gc.alloc.rate.norm: 480.002 B/op
                 gc.count:           5.000 counts
                 gc.time:            3.000 ms

Iteration   2: 0.289 us/op
                 gc.alloc.rate:      1581.385 MB/sec
                 gc.alloc.rate.norm: 480.002 B/op
                 gc.count:           5.000 counts
                 gc.time:            2.000 ms

Iteration   3: 0.290 us/op
                 gc.alloc.rate:      1578.683 MB/sec
                 gc.alloc.rate.norm: 480.002 B/op
                 gc.count:           5.000 counts
                 gc.time:            3.000 ms

Iteration   4: 0.293 us/op
                 gc.alloc.rate:      1560.668 MB/sec
                 gc.alloc.rate.norm: 480.002 B/op
                 gc.count:           6.000 counts
                 gc.time:            3.000 ms

Iteration   5: 0.291 us/op
                 gc.alloc.rate:      1572.162 MB/sec
                 gc.alloc.rate.norm: 480.002 B/op
                 gc.count:           5.000 counts
                 gc.time:            3.000 ms

Iteration   6: 0.290 us/op
                 gc.alloc.rate:      1580.859 MB/sec
                 gc.alloc.rate.norm: 480.002 B/op
                 gc.count:           5.000 counts
                 gc.time:            2.000 ms

Iteration   7: 0.288 us/op
                 gc.alloc.rate:      1590.818 MB/sec
                 gc.alloc.rate.norm: 480.002 B/op
                 gc.count:           5.000 counts
                 gc.time:            3.000 ms

Iteration   8: 0.289 us/op
                 gc.alloc.rate:      1580.975 MB/sec
                 gc.alloc.rate.norm: 480.002 B/op
                 gc.count:           6.000 counts
                 gc.time:            3.000 ms


# Run progress: 71.60% complete, ETA 00:07:02
# Fork: 2 of 3
# Warmup Iteration   1: 0.285 us/op
# Warmup Iteration   2: 0.281 us/op
# Warmup Iteration   3: 0.280 us/op
# Warmup Iteration   4: 0.281 us/op
# Warmup Iteration   5: 0.281 us/op
Iteration   1: 0.281 us/op
                 gc.alloc.rate:      1628.596 MB/sec
                 gc.alloc.rate.norm: 480.002 B/op
                 gc.count:           5.000 counts
                 gc.time:            2.000 ms

Iteration   2: 0.278 us/op
                 gc.alloc.rate:      1646.560 MB/sec
                 gc.alloc.rate.norm: 480.002 B/op
                 gc.count:           6.000 counts
                 gc.time:            3.000 ms

Iteration   3: 0.282 us/op
                 gc.alloc.rate:      1623.047 MB/sec
                 gc.alloc.rate.norm: 480.002 B/op
                 gc.count:           5.000 counts
                 gc.time:            3.000 ms

Iteration   4: 0.281 us/op
                 gc.alloc.rate:      1627.415 MB/sec
                 gc.alloc.rate.norm: 480.002 B/op
                 gc.count:           5.000 counts
                 gc.time:            3.000 ms

Iteration   5: 0.279 us/op
                 gc.alloc.rate:      1639.908 MB/sec
                 gc.alloc.rate.norm: 480.002 B/op
                 gc.count:           6.000 counts
                 gc.time:            3.000 ms

Iteration   6: 0.281 us/op
                 gc.alloc.rate:      1629.389 MB/sec
                 gc.alloc.rate.norm: 480.002 B/op
                 gc.count:           5.000 counts
                 gc.time:            2.000 ms

Iteration   7: 0.278 us/op
                 gc.alloc.rate:      1647.952 MB/sec
                 gc.alloc.rate.norm: 480.002 B/op
                 gc.count:           6.000 counts
                 gc.time:            4.000 ms

Iteration   8: 0.283 us/op
                 gc.alloc.rate:      1618.285 MB/sec
                 gc.alloc.rate.norm: 480.002 B/op
                 gc.count:           5.000 counts
                 gc.time:            2.000 ms


# Run progress: 72.84% complete, ETA 00:06:44
# Fork: 3 of 3
# Warmup Iteration   1: 0.311 us/op
# Warmup Iteration   2: 0.381 us/op
# Warmup Iteration   3: 0.290 us/op
# Warmup Iteration   4: 0.289 us/op
# Warmup Iteration   5: 0.289 us/op
Iteration   1: 0.289 us/op
                 gc.alloc.rate:      1582.011 MB/sec
                 gc.alloc.rate.norm: 480.002 B/op
                 gc.count:           5.000 counts
                 gc.time:            3.000 ms

Iteration   2: 0.293 us/op
                 gc.alloc.rate:      1560.929 MB/sec
                 gc.alloc.rate.norm: 480.002 B/op
                 gc.count:           6.000 counts
                 gc.time:            3.000 ms

Iteration   3: 0.292 us/op
                 gc.alloc.rate:      1566.285 MB/sec
                 gc.alloc.rate.norm: 480.002 B/op
                 gc.count:           5.000 counts
                 gc.time:            2.000 ms

Iteration   4: 0.296 us/op
                 gc.alloc.rate:      1544.900 MB/sec
                 gc.alloc.rate.norm: 480.002 B/op
                 gc.count:           5.000 counts
                 gc.time:            3.000 ms

Iteration   5: 0.291 us/op
                 gc.alloc.rate:      1575.385 MB/sec
                 gc.alloc.rate.norm: 480.002 B/op
                 gc.count:           5.000 counts
                 gc.time:            3.000 ms

Iteration   6: 0.291 us/op
                 gc.alloc.rate:      1571.985 MB/sec
                 gc.alloc.rate.norm: 480.002 B/op
                 gc.count:           6.000 counts
                 gc.time:            3.000 ms

Iteration   7: 0.302 us/op
                 gc.alloc.rate:      1513.843 MB/sec
                 gc.alloc.rate.norm: 480.002 B/op
                 gc.count:           5.000 counts
                 gc.time:            2.000 ms

Iteration   8: 0.290 us/op
                 gc.alloc.rate:      1575.915 MB/sec
                 gc.alloc.rate.norm: 480.002 B/op
                 gc.count:           5.000 counts
                 gc.time:            3.000 ms



Result "io.github.agentic.spring.ai.benchmark.graph.StateWidthGraphBenchmark.directMapBaseline":
  0.288 ±(99.9%) 0.005 us/op [Average]
  (min, avg, max) = (0.278, 0.288, 0.302), stdev = 0.006
  CI (99.9%): [0.283, 0.293] (assumes normal distribution)

Secondary result "io.github.agentic.spring.ai.benchmark.graph.StateWidthGraphBenchmark.directMapBaseline:gc.alloc.rate":
  1590.419 ±(99.9%) 26.489 MB/sec [Average]
  (min, avg, max) = (1513.843, 1590.419, 1647.952), stdev = 34.444
  CI (99.9%): [1563.929, 1616.908] (assumes normal distribution)

Secondary result "io.github.agentic.spring.ai.benchmark.graph.StateWidthGraphBenchmark.directMapBaseline:gc.alloc.rate.norm":
  480.002 ±(99.9%) 0.001 B/op [Average]
  (min, avg, max) = (480.002, 480.002, 480.002), stdev = 0.001
  CI (99.9%): [480.002, 480.002] (assumes normal distribution)

Secondary result "io.github.agentic.spring.ai.benchmark.graph.StateWidthGraphBenchmark.directMapBaseline:gc.count":
  127.000 ±(99.9%) 0.001 counts [Sum]
  (min, avg, max) = (5.000, 5.292, 6.000), stdev = 0.464
  CI (99.9%): [127.000, 127.000] (assumes normal distribution)

Secondary result "io.github.agentic.spring.ai.benchmark.graph.StateWidthGraphBenchmark.directMapBaseline:gc.time":
  66.000 ±(99.9%) 0.001 ms [Sum]
  (min, avg, max) = (2.000, 2.750, 4.000), stdev = 0.532
  CI (99.9%): [66.000, 66.000] (assumes normal distribution)


# JMH version: 1.37
# VM version: JDK 17.0.19, OpenJDK 64-Bit Server VM, 17.0.19+10-LTS
# VM invoker: <HOME>/.local/share/mise/installs/java/zulu-17.66.19.0/bin/java
# VM options: <none>
# Blackhole mode: compiler (auto-detected, use -Djmh.blackhole.autoDetect=false to disable)
# Warmup: 5 iterations, 1 s each
# Measurement: 8 iterations, 1 s each
# Timeout: 10 min per iteration
# Threads: 1 thread, will synchronize iterations
# Benchmark mode: Average time, time/op
# Benchmark: io.github.agentic.spring.ai.benchmark.graph.StateWidthGraphBenchmark.directMapBaseline
# Parameters: (nodeCount = 20, stateKeys = 50)

# Run progress: 74.07% complete, ETA 00:06:26
# Fork: 1 of 3
# Warmup Iteration   1: 0.766 us/op
# Warmup Iteration   2: 0.718 us/op
# Warmup Iteration   3: 0.724 us/op
# Warmup Iteration   4: 0.697 us/op
# Warmup Iteration   5: 0.725 us/op
Iteration   1: 0.685 us/op
                 gc.alloc.rate:      3073.187 MB/sec
                 gc.alloc.rate.norm: 2208.004 B/op
                 gc.count:           8.000 counts
                 gc.time:            5.000 ms

Iteration   2: 0.671 us/op
                 gc.alloc.rate:      3137.409 MB/sec
                 gc.alloc.rate.norm: 2208.004 B/op
                 gc.count:           9.000 counts
                 gc.time:            5.000 ms

Iteration   3: 0.687 us/op
                 gc.alloc.rate:      3062.452 MB/sec
                 gc.alloc.rate.norm: 2208.004 B/op
                 gc.count:           8.000 counts
                 gc.time:            4.000 ms

Iteration   4: 0.672 us/op
                 gc.alloc.rate:      3131.466 MB/sec
                 gc.alloc.rate.norm: 2208.004 B/op
                 gc.count:           9.000 counts
                 gc.time:            5.000 ms

Iteration   5: 0.666 us/op
                 gc.alloc.rate:      3161.249 MB/sec
                 gc.alloc.rate.norm: 2208.004 B/op
                 gc.count:           8.000 counts
                 gc.time:            4.000 ms

Iteration   6: 0.679 us/op
                 gc.alloc.rate:      3099.694 MB/sec
                 gc.alloc.rate.norm: 2208.004 B/op
                 gc.count:           9.000 counts
                 gc.time:            5.000 ms

Iteration   7: 0.671 us/op
                 gc.alloc.rate:      3136.783 MB/sec
                 gc.alloc.rate.norm: 2208.004 B/op
                 gc.count:           8.000 counts
                 gc.time:            4.000 ms

Iteration   8: 0.685 us/op
                 gc.alloc.rate:      3072.150 MB/sec
                 gc.alloc.rate.norm: 2208.004 B/op
                 gc.count:           9.000 counts
                 gc.time:            4.000 ms


# Run progress: 75.31% complete, ETA 00:06:07
# Fork: 2 of 3
# Warmup Iteration   1: 0.702 us/op
# Warmup Iteration   2: 0.649 us/op
# Warmup Iteration   3: 0.654 us/op
# Warmup Iteration   4: 0.656 us/op
# Warmup Iteration   5: 0.670 us/op
Iteration   1: 0.652 us/op
                 gc.alloc.rate:      3228.951 MB/sec
                 gc.alloc.rate.norm: 2208.004 B/op
                 gc.count:           11.000 counts
                 gc.time:            5.000 ms

Iteration   2: 0.652 us/op
                 gc.alloc.rate:      3230.232 MB/sec
                 gc.alloc.rate.norm: 2208.004 B/op
                 gc.count:           11.000 counts
                 gc.time:            5.000 ms

Iteration   3: 0.651 us/op
                 gc.alloc.rate:      3234.265 MB/sec
                 gc.alloc.rate.norm: 2208.004 B/op
                 gc.count:           11.000 counts
                 gc.time:            6.000 ms

Iteration   4: 0.656 us/op
                 gc.alloc.rate:      3207.639 MB/sec
                 gc.alloc.rate.norm: 2208.004 B/op
                 gc.count:           10.000 counts
                 gc.time:            5.000 ms

Iteration   5: 0.654 us/op
                 gc.alloc.rate:      3221.173 MB/sec
                 gc.alloc.rate.norm: 2208.004 B/op
                 gc.count:           11.000 counts
                 gc.time:            5.000 ms

Iteration   6: 0.653 us/op
                 gc.alloc.rate:      3224.166 MB/sec
                 gc.alloc.rate.norm: 2208.004 B/op
                 gc.count:           11.000 counts
                 gc.time:            6.000 ms

Iteration   7: 0.653 us/op
                 gc.alloc.rate:      3226.273 MB/sec
                 gc.alloc.rate.norm: 2208.004 B/op
                 gc.count:           11.000 counts
                 gc.time:            5.000 ms

Iteration   8: 0.674 us/op
                 gc.alloc.rate:      3124.210 MB/sec
                 gc.alloc.rate.norm: 2208.004 B/op
                 gc.count:           10.000 counts
                 gc.time:            5.000 ms


# Run progress: 76.54% complete, ETA 00:05:49
# Fork: 3 of 3
# Warmup Iteration   1: 0.688 us/op
# Warmup Iteration   2: 0.670 us/op
# Warmup Iteration   3: 0.669 us/op
# Warmup Iteration   4: 0.680 us/op
# Warmup Iteration   5: 0.670 us/op
Iteration   1: 0.675 us/op
                 gc.alloc.rate:      3118.739 MB/sec
                 gc.alloc.rate.norm: 2208.004 B/op
                 gc.count:           10.000 counts
                 gc.time:            5.000 ms

Iteration   2: 0.678 us/op
                 gc.alloc.rate:      3104.828 MB/sec
                 gc.alloc.rate.norm: 2208.004 B/op
                 gc.count:           10.000 counts
                 gc.time:            5.000 ms

Iteration   3: 0.673 us/op
                 gc.alloc.rate:      3129.514 MB/sec
                 gc.alloc.rate.norm: 2208.004 B/op
                 gc.count:           11.000 counts
                 gc.time:            6.000 ms

Iteration   4: 0.690 us/op
                 gc.alloc.rate:      3051.490 MB/sec
                 gc.alloc.rate.norm: 2208.004 B/op
                 gc.count:           10.000 counts
                 gc.time:            5.000 ms

Iteration   5: 0.690 us/op
                 gc.alloc.rate:      3049.354 MB/sec
                 gc.alloc.rate.norm: 2208.004 B/op
                 gc.count:           10.000 counts
                 gc.time:            5.000 ms

Iteration   6: 0.679 us/op
                 gc.alloc.rate:      3101.021 MB/sec
                 gc.alloc.rate.norm: 2208.004 B/op
                 gc.count:           11.000 counts
                 gc.time:            5.000 ms

Iteration   7: 0.682 us/op
                 gc.alloc.rate:      3088.404 MB/sec
                 gc.alloc.rate.norm: 2208.004 B/op
                 gc.count:           10.000 counts
                 gc.time:            5.000 ms

Iteration   8: 0.696 us/op
                 gc.alloc.rate:      3024.466 MB/sec
                 gc.alloc.rate.norm: 2208.004 B/op
                 gc.count:           10.000 counts
                 gc.time:            6.000 ms



Result "io.github.agentic.spring.ai.benchmark.graph.StateWidthGraphBenchmark.directMapBaseline":
  0.672 ±(99.9%) 0.011 us/op [Average]
  (min, avg, max) = (0.651, 0.672, 0.696), stdev = 0.014
  CI (99.9%): [0.661, 0.683] (assumes normal distribution)

Secondary result "io.github.agentic.spring.ai.benchmark.graph.StateWidthGraphBenchmark.directMapBaseline:gc.alloc.rate":
  3134.963 ±(99.9%) 51.440 MB/sec [Average]
  (min, avg, max) = (3024.466, 3134.963, 3234.265), stdev = 66.887
  CI (99.9%): [3083.523, 3186.403] (assumes normal distribution)

Secondary result "io.github.agentic.spring.ai.benchmark.graph.StateWidthGraphBenchmark.directMapBaseline:gc.alloc.rate.norm":
  2208.004 ±(99.9%) 0.001 B/op [Average]
  (min, avg, max) = (2208.004, 2208.004, 2208.004), stdev = 0.001
  CI (99.9%): [2208.004, 2208.004] (assumes normal distribution)

Secondary result "io.github.agentic.spring.ai.benchmark.graph.StateWidthGraphBenchmark.directMapBaseline:gc.count":
  236.000 ±(99.9%) 0.001 counts [Sum]
  (min, avg, max) = (8.000, 9.833, 11.000), stdev = 1.090
  CI (99.9%): [236.000, 236.000] (assumes normal distribution)

Secondary result "io.github.agentic.spring.ai.benchmark.graph.StateWidthGraphBenchmark.directMapBaseline:gc.time":
  120.000 ±(99.9%) 0.001 ms [Sum]
  (min, avg, max) = (4.000, 5.000, 6.000), stdev = 0.590
  CI (99.9%): [120.000, 120.000] (assumes normal distribution)


# JMH version: 1.37
# VM version: JDK 17.0.19, OpenJDK 64-Bit Server VM, 17.0.19+10-LTS
# VM invoker: <HOME>/.local/share/mise/installs/java/zulu-17.66.19.0/bin/java
# VM options: <none>
# Blackhole mode: compiler (auto-detected, use -Djmh.blackhole.autoDetect=false to disable)
# Warmup: 5 iterations, 1 s each
# Measurement: 8 iterations, 1 s each
# Timeout: 10 min per iteration
# Threads: 1 thread, will synchronize iterations
# Benchmark mode: Average time, time/op
# Benchmark: io.github.agentic.spring.ai.benchmark.graph.StateWidthGraphBenchmark.invoke
# Parameters: (nodeCount = 5, stateKeys = 1)

# Run progress: 77.78% complete, ETA 00:05:30
# Fork: 1 of 3
# Warmup Iteration   1: 36.471 us/op
# Warmup Iteration   2: 16.510 us/op
# Warmup Iteration   3: 15.703 us/op
# Warmup Iteration   4: 15.693 us/op
# Warmup Iteration   5: 15.744 us/op
Iteration   1: 15.730 us/op
                 gc.alloc.rate:      5574.408 MB/sec
                 gc.alloc.rate.norm: 91960.093 B/op
                 gc.count:           10.000 counts
                 gc.time:            6.000 ms

Iteration   2: 15.729 us/op
                 gc.alloc.rate:      5574.867 MB/sec
                 gc.alloc.rate.norm: 91960.094 B/op
                 gc.count:           11.000 counts
                 gc.time:            7.000 ms

Iteration   3: 15.712 us/op
                 gc.alloc.rate:      5580.851 MB/sec
                 gc.alloc.rate.norm: 91960.093 B/op
                 gc.count:           10.000 counts
                 gc.time:            6.000 ms

Iteration   4: 15.668 us/op
                 gc.alloc.rate:      5596.408 MB/sec
                 gc.alloc.rate.norm: 91960.221 B/op
                 gc.count:           11.000 counts
                 gc.time:            6.000 ms

Iteration   5: 15.538 us/op
                 gc.alloc.rate:      5643.192 MB/sec
                 gc.alloc.rate.norm: 91960.092 B/op
                 gc.count:           10.000 counts
                 gc.time:            6.000 ms

Iteration   6: 15.626 us/op
                 gc.alloc.rate:      5611.534 MB/sec
                 gc.alloc.rate.norm: 91960.092 B/op
                 gc.count:           11.000 counts
                 gc.time:            6.000 ms

Iteration   7: 15.720 us/op
                 gc.alloc.rate:      5578.348 MB/sec
                 gc.alloc.rate.norm: 91960.093 B/op
                 gc.count:           10.000 counts
                 gc.time:            5.000 ms

Iteration   8: 15.752 us/op
                 gc.alloc.rate:      5566.797 MB/sec
                 gc.alloc.rate.norm: 91960.093 B/op
                 gc.count:           11.000 counts
                 gc.time:            7.000 ms


# Run progress: 79.01% complete, ETA 00:05:12
# Fork: 2 of 3
# Warmup Iteration   1: 40.003 us/op
# Warmup Iteration   2: 16.727 us/op
# Warmup Iteration   3: 15.716 us/op
# Warmup Iteration   4: 15.640 us/op
# Warmup Iteration   5: 15.623 us/op
Iteration   1: 16.154 us/op
                 gc.alloc.rate:      5415.826 MB/sec
                 gc.alloc.rate.norm: 91752.096 B/op
                 gc.count:           10.000 counts
                 gc.time:            5.000 ms

Iteration   2: 15.589 us/op
                 gc.alloc.rate:      5612.435 MB/sec
                 gc.alloc.rate.norm: 91752.092 B/op
                 gc.count:           10.000 counts
                 gc.time:            6.000 ms

Iteration   3: 15.567 us/op
                 gc.alloc.rate:      5619.876 MB/sec
                 gc.alloc.rate.norm: 91752.092 B/op
                 gc.count:           11.000 counts
                 gc.time:            6.000 ms

Iteration   4: 15.627 us/op
                 gc.alloc.rate:      5598.515 MB/sec
                 gc.alloc.rate.norm: 91752.220 B/op
                 gc.count:           10.000 counts
                 gc.time:            6.000 ms

Iteration   5: 15.566 us/op
                 gc.alloc.rate:      5620.351 MB/sec
                 gc.alloc.rate.norm: 91752.092 B/op
                 gc.count:           11.000 counts
                 gc.time:            6.000 ms

Iteration   6: 15.650 us/op
                 gc.alloc.rate:      5590.296 MB/sec
                 gc.alloc.rate.norm: 91752.093 B/op
                 gc.count:           10.000 counts
                 gc.time:            6.000 ms

Iteration   7: 15.747 us/op
                 gc.alloc.rate:      5555.767 MB/sec
                 gc.alloc.rate.norm: 91752.093 B/op
                 gc.count:           11.000 counts
                 gc.time:            6.000 ms

Iteration   8: 15.622 us/op
                 gc.alloc.rate:      5600.473 MB/sec
                 gc.alloc.rate.norm: 91752.092 B/op
                 gc.count:           10.000 counts
                 gc.time:            6.000 ms


# Run progress: 80.25% complete, ETA 00:04:54
# Fork: 3 of 3
# Warmup Iteration   1: 44.005 us/op
# Warmup Iteration   2: 16.641 us/op
# Warmup Iteration   3: 15.803 us/op
# Warmup Iteration   4: 15.626 us/op
# Warmup Iteration   5: 15.755 us/op
Iteration   1: 15.957 us/op
                 gc.alloc.rate:      5495.188 MB/sec
                 gc.alloc.rate.norm: 91960.095 B/op
                 gc.count:           10.000 counts
                 gc.time:            6.000 ms

Iteration   2: 15.629 us/op
                 gc.alloc.rate:      5610.807 MB/sec
                 gc.alloc.rate.norm: 91960.092 B/op
                 gc.count:           10.000 counts
                 gc.time:            6.000 ms

Iteration   3: 15.808 us/op
                 gc.alloc.rate:      5547.185 MB/sec
                 gc.alloc.rate.norm: 91960.093 B/op
                 gc.count:           11.000 counts
                 gc.time:            6.000 ms

Iteration   4: 15.777 us/op
                 gc.alloc.rate:      5557.851 MB/sec
                 gc.alloc.rate.norm: 91960.222 B/op
                 gc.count:           10.000 counts
                 gc.time:            7.000 ms

Iteration   5: 15.514 us/op
                 gc.alloc.rate:      5651.988 MB/sec
                 gc.alloc.rate.norm: 91960.091 B/op
                 gc.count:           11.000 counts
                 gc.time:            6.000 ms

Iteration   6: 15.914 us/op
                 gc.alloc.rate:      5509.840 MB/sec
                 gc.alloc.rate.norm: 91960.095 B/op
                 gc.count:           10.000 counts
                 gc.time:            6.000 ms

Iteration   7: 15.613 us/op
                 gc.alloc.rate:      5616.101 MB/sec
                 gc.alloc.rate.norm: 91960.092 B/op
                 gc.count:           11.000 counts
                 gc.time:            6.000 ms

Iteration   8: 15.603 us/op
                 gc.alloc.rate:      5620.006 MB/sec
                 gc.alloc.rate.norm: 91960.092 B/op
                 gc.count:           10.000 counts
                 gc.time:            6.000 ms



Result "io.github.agentic.spring.ai.benchmark.graph.StateWidthGraphBenchmark.invoke":
  15.701 ±(99.9%) 0.113 us/op [Average]
  (min, avg, max) = (15.514, 15.701, 16.154), stdev = 0.147
  CI (99.9%): [15.588, 15.813] (assumes normal distribution)

Secondary result "io.github.agentic.spring.ai.benchmark.graph.StateWidthGraphBenchmark.invoke:gc.alloc.rate":
  5581.205 ±(99.9%) 39.559 MB/sec [Average]
  (min, avg, max) = (5415.826, 5581.205, 5651.988), stdev = 51.438
  CI (99.9%): [5541.646, 5620.763] (assumes normal distribution)

Secondary result "io.github.agentic.spring.ai.benchmark.graph.StateWidthGraphBenchmark.invoke:gc.alloc.rate.norm":
  91890.776 ±(99.9%) 77.030 B/op [Average]
  (min, avg, max) = (91752.092, 91890.776, 91960.222), stdev = 100.161
  CI (99.9%): [91813.745, 91967.806] (assumes normal distribution)

Secondary result "io.github.agentic.spring.ai.benchmark.graph.StateWidthGraphBenchmark.invoke:gc.count":
  250.000 ±(99.9%) 0.001 counts [Sum]
  (min, avg, max) = (10.000, 10.417, 11.000), stdev = 0.504
  CI (99.9%): [250.000, 250.000] (assumes normal distribution)

Secondary result "io.github.agentic.spring.ai.benchmark.graph.StateWidthGraphBenchmark.invoke:gc.time":
  145.000 ±(99.9%) 0.001 ms [Sum]
  (min, avg, max) = (5.000, 6.042, 7.000), stdev = 0.464
  CI (99.9%): [145.000, 145.000] (assumes normal distribution)


# JMH version: 1.37
# VM version: JDK 17.0.19, OpenJDK 64-Bit Server VM, 17.0.19+10-LTS
# VM invoker: <HOME>/.local/share/mise/installs/java/zulu-17.66.19.0/bin/java
# VM options: <none>
# Blackhole mode: compiler (auto-detected, use -Djmh.blackhole.autoDetect=false to disable)
# Warmup: 5 iterations, 1 s each
# Measurement: 8 iterations, 1 s each
# Timeout: 10 min per iteration
# Threads: 1 thread, will synchronize iterations
# Benchmark mode: Average time, time/op
# Benchmark: io.github.agentic.spring.ai.benchmark.graph.StateWidthGraphBenchmark.invoke
# Parameters: (nodeCount = 5, stateKeys = 10)

# Run progress: 81.48% complete, ETA 00:04:35
# Fork: 1 of 3
# Warmup Iteration   1: 54.274 us/op
# Warmup Iteration   2: 29.009 us/op
# Warmup Iteration   3: 27.154 us/op
# Warmup Iteration   4: 27.006 us/op
# Warmup Iteration   5: 26.873 us/op
Iteration   1: 26.812 us/op
                 gc.alloc.rate:      4346.807 MB/sec
                 gc.alloc.rate.norm: 122224.159 B/op
                 gc.count:           8.000 counts
                 gc.time:            4.000 ms

Iteration   2: 28.027 us/op
                 gc.alloc.rate:      4158.374 MB/sec
                 gc.alloc.rate.norm: 122224.164 B/op
                 gc.count:           8.000 counts
                 gc.time:            5.000 ms

Iteration   3: 27.858 us/op
                 gc.alloc.rate:      4183.431 MB/sec
                 gc.alloc.rate.norm: 122224.279 B/op
                 gc.count:           8.000 counts
                 gc.time:            6.000 ms

Iteration   4: 27.345 us/op
                 gc.alloc.rate:      4262.131 MB/sec
                 gc.alloc.rate.norm: 122224.161 B/op
                 gc.count:           8.000 counts
                 gc.time:            5.000 ms

Iteration   5: 27.587 us/op
                 gc.alloc.rate:      4224.406 MB/sec
                 gc.alloc.rate.norm: 122224.163 B/op
                 gc.count:           8.000 counts
                 gc.time:            4.000 ms

Iteration   6: 26.941 us/op
                 gc.alloc.rate:      4326.028 MB/sec
                 gc.alloc.rate.norm: 122224.159 B/op
                 gc.count:           8.000 counts
                 gc.time:            5.000 ms

Iteration   7: 26.730 us/op
                 gc.alloc.rate:      4360.096 MB/sec
                 gc.alloc.rate.norm: 122224.158 B/op
                 gc.count:           8.000 counts
                 gc.time:            5.000 ms

Iteration   8: 26.740 us/op
                 gc.alloc.rate:      4358.444 MB/sec
                 gc.alloc.rate.norm: 122224.158 B/op
                 gc.count:           8.000 counts
                 gc.time:            4.000 ms


# Run progress: 82.72% complete, ETA 00:04:17
# Fork: 2 of 3
# Warmup Iteration   1: 56.483 us/op
# Warmup Iteration   2: 28.525 us/op
# Warmup Iteration   3: 26.826 us/op
# Warmup Iteration   4: 26.774 us/op
# Warmup Iteration   5: 26.590 us/op
Iteration   1: 26.634 us/op
                 gc.alloc.rate:      4376.838 MB/sec
                 gc.alloc.rate.norm: 122256.158 B/op
                 gc.count:           9.000 counts
                 gc.time:            5.000 ms

Iteration   2: 27.218 us/op
                 gc.alloc.rate:      4282.989 MB/sec
                 gc.alloc.rate.norm: 122256.274 B/op
                 gc.count:           8.000 counts
                 gc.time:            5.000 ms

Iteration   3: 27.532 us/op
                 gc.alloc.rate:      4234.125 MB/sec
                 gc.alloc.rate.norm: 122256.163 B/op
                 gc.count:           8.000 counts
                 gc.time:            6.000 ms

Iteration   4: 27.362 us/op
                 gc.alloc.rate:      4260.442 MB/sec
                 gc.alloc.rate.norm: 122256.163 B/op
                 gc.count:           8.000 counts
                 gc.time:            5.000 ms

Iteration   5: 26.816 us/op
                 gc.alloc.rate:      4346.984 MB/sec
                 gc.alloc.rate.norm: 122256.159 B/op
                 gc.count:           8.000 counts
                 gc.time:            5.000 ms

Iteration   6: 27.105 us/op
                 gc.alloc.rate:      4300.387 MB/sec
                 gc.alloc.rate.norm: 122256.160 B/op
                 gc.count:           8.000 counts
                 gc.time:            4.000 ms

Iteration   7: 27.080 us/op
                 gc.alloc.rate:      4304.564 MB/sec
                 gc.alloc.rate.norm: 122256.161 B/op
                 gc.count:           8.000 counts
                 gc.time:            5.000 ms

Iteration   8: 26.808 us/op
                 gc.alloc.rate:      4348.552 MB/sec
                 gc.alloc.rate.norm: 122256.159 B/op
                 gc.count:           8.000 counts
                 gc.time:            4.000 ms


# Run progress: 83.95% complete, ETA 00:03:58
# Fork: 3 of 3
# Warmup Iteration   1: 56.614 us/op
# Warmup Iteration   2: 28.020 us/op
# Warmup Iteration   3: 26.551 us/op
# Warmup Iteration   4: 26.523 us/op
# Warmup Iteration   5: 26.507 us/op
Iteration   1: 30.746 us/op
                 gc.alloc.rate:      3784.156 MB/sec
                 gc.alloc.rate.norm: 122016.183 B/op
                 gc.count:           7.000 counts
                 gc.time:            4.000 ms

Iteration   2: 26.765 us/op
                 gc.alloc.rate:      4347.060 MB/sec
                 gc.alloc.rate.norm: 122016.158 B/op
                 gc.count:           8.000 counts
                 gc.time:            4.000 ms

Iteration   3: 26.903 us/op
                 gc.alloc.rate:      4324.798 MB/sec
                 gc.alloc.rate.norm: 122016.270 B/op
                 gc.count:           8.000 counts
                 gc.time:            5.000 ms

Iteration   4: 26.800 us/op
                 gc.alloc.rate:      4341.141 MB/sec
                 gc.alloc.rate.norm: 122016.158 B/op
                 gc.count:           8.000 counts
                 gc.time:            5.000 ms

Iteration   5: 26.911 us/op
                 gc.alloc.rate:      4323.281 MB/sec
                 gc.alloc.rate.norm: 122016.159 B/op
                 gc.count:           8.000 counts
                 gc.time:            4.000 ms

Iteration   6: 26.699 us/op
                 gc.alloc.rate:      4357.645 MB/sec
                 gc.alloc.rate.norm: 122016.158 B/op
                 gc.count:           8.000 counts
                 gc.time:            5.000 ms

Iteration   7: 26.611 us/op
                 gc.alloc.rate:      4371.851 MB/sec
                 gc.alloc.rate.norm: 122016.158 B/op
                 gc.count:           9.000 counts
                 gc.time:            5.000 ms

Iteration   8: 26.586 us/op
                 gc.alloc.rate:      4376.268 MB/sec
                 gc.alloc.rate.norm: 122016.158 B/op
                 gc.count:           8.000 counts
                 gc.time:            5.000 ms



Result "io.github.agentic.spring.ai.benchmark.graph.StateWidthGraphBenchmark.invoke":
  27.192 ±(99.9%) 0.657 us/op [Average]
  (min, avg, max) = (26.586, 27.192, 30.746), stdev = 0.854
  CI (99.9%): [26.535, 27.849] (assumes normal distribution)

Secondary result "io.github.agentic.spring.ai.benchmark.graph.StateWidthGraphBenchmark.invoke:gc.alloc.rate":
  4287.533 ±(99.9%) 94.749 MB/sec [Average]
  (min, avg, max) = (3784.156, 4287.533, 4376.838), stdev = 123.201
  CI (99.9%): [4192.784, 4382.283] (assumes normal distribution)

Secondary result "io.github.agentic.spring.ai.benchmark.graph.StateWidthGraphBenchmark.invoke:gc.alloc.rate.norm":
  122165.508 ±(99.9%) 83.588 B/op [Average]
  (min, avg, max) = (122016.158, 122165.508, 122256.274), stdev = 108.688
  CI (99.9%): [122081.921, 122249.096] (assumes normal distribution)

Secondary result "io.github.agentic.spring.ai.benchmark.graph.StateWidthGraphBenchmark.invoke:gc.count":
  193.000 ±(99.9%) 0.001 counts [Sum]
  (min, avg, max) = (7.000, 8.042, 9.000), stdev = 0.359
  CI (99.9%): [193.000, 193.000] (assumes normal distribution)

Secondary result "io.github.agentic.spring.ai.benchmark.graph.StateWidthGraphBenchmark.invoke:gc.time":
  114.000 ±(99.9%) 0.001 ms [Sum]
  (min, avg, max) = (4.000, 4.750, 6.000), stdev = 0.608
  CI (99.9%): [114.000, 114.000] (assumes normal distribution)


# JMH version: 1.37
# VM version: JDK 17.0.19, OpenJDK 64-Bit Server VM, 17.0.19+10-LTS
# VM invoker: <HOME>/.local/share/mise/installs/java/zulu-17.66.19.0/bin/java
# VM options: <none>
# Blackhole mode: compiler (auto-detected, use -Djmh.blackhole.autoDetect=false to disable)
# Warmup: 5 iterations, 1 s each
# Measurement: 8 iterations, 1 s each
# Timeout: 10 min per iteration
# Threads: 1 thread, will synchronize iterations
# Benchmark mode: Average time, time/op
# Benchmark: io.github.agentic.spring.ai.benchmark.graph.StateWidthGraphBenchmark.invoke
# Parameters: (nodeCount = 5, stateKeys = 50)

# Run progress: 85.19% complete, ETA 00:03:40
# Fork: 1 of 3
# Warmup Iteration   1: 148.562 us/op
# Warmup Iteration   2: 95.559 us/op
# Warmup Iteration   3: 91.645 us/op
# Warmup Iteration   4: 91.586 us/op
# Warmup Iteration   5: 93.577 us/op
Iteration   1: 93.960 us/op
                 gc.alloc.rate:      2970.049 MB/sec
                 gc.alloc.rate.norm: 292664.556 B/op
                 gc.count:           7.000 counts
                 gc.time:            4.000 ms

Iteration   2: 91.661 us/op
                 gc.alloc.rate:      3044.875 MB/sec
                 gc.alloc.rate.norm: 292708.999 B/op
                 gc.count:           7.000 counts
                 gc.time:            4.000 ms

Iteration   3: 93.898 us/op
                 gc.alloc.rate:      2972.520 MB/sec
                 gc.alloc.rate.norm: 292712.553 B/op
                 gc.count:           7.000 counts
                 gc.time:            4.000 ms

Iteration   4: 91.925 us/op
                 gc.alloc.rate:      3036.180 MB/sec
                 gc.alloc.rate.norm: 292712.547 B/op
                 gc.count:           7.000 counts
                 gc.time:            4.000 ms

Iteration   5: 91.449 us/op
                 gc.alloc.rate:      3052.117 MB/sec
                 gc.alloc.rate.norm: 292712.552 B/op
                 gc.count:           6.000 counts
                 gc.time:            3.000 ms

Iteration   6: 91.196 us/op
                 gc.alloc.rate:      3060.294 MB/sec
                 gc.alloc.rate.norm: 292688.090 B/op
                 gc.count:           7.000 counts
                 gc.time:            4.000 ms

Iteration   7: 91.089 us/op
                 gc.alloc.rate:      3063.545 MB/sec
                 gc.alloc.rate.norm: 292664.540 B/op
                 gc.count:           7.000 counts
                 gc.time:            4.000 ms

Iteration   8: 91.053 us/op
                 gc.alloc.rate:      3064.885 MB/sec
                 gc.alloc.rate.norm: 292664.547 B/op
                 gc.count:           7.000 counts
                 gc.time:            3.000 ms


# Run progress: 86.42% complete, ETA 00:03:22
# Fork: 2 of 3
# Warmup Iteration   1: 149.793 us/op
# Warmup Iteration   2: 95.385 us/op
# Warmup Iteration   3: 90.873 us/op
# Warmup Iteration   4: 90.574 us/op
# Warmup Iteration   5: 90.539 us/op
Iteration   1: 90.530 us/op
                 gc.alloc.rate:      3078.912 MB/sec
                 gc.alloc.rate.norm: 292330.210 B/op
                 gc.count:           7.000 counts
                 gc.time:            4.000 ms

Iteration   2: 90.895 us/op
                 gc.alloc.rate:      3067.221 MB/sec
                 gc.alloc.rate.norm: 292379.325 B/op
                 gc.count:           7.000 counts
                 gc.time:            4.000 ms

Iteration   3: 91.267 us/op
                 gc.alloc.rate:      3054.767 MB/sec
                 gc.alloc.rate.norm: 292376.534 B/op
                 gc.count:           7.000 counts
                 gc.time:            4.000 ms

Iteration   4: 90.953 us/op
                 gc.alloc.rate:      3065.310 MB/sec
                 gc.alloc.rate.norm: 292376.534 B/op
                 gc.count:           7.000 counts
                 gc.time:            4.000 ms

Iteration   5: 96.475 us/op
                 gc.alloc.rate:      2889.579 MB/sec
                 gc.alloc.rate.norm: 292376.581 B/op
                 gc.count:           7.000 counts
                 gc.time:            4.000 ms

Iteration   6: 90.807 us/op
                 gc.alloc.rate:      3069.837 MB/sec
                 gc.alloc.rate.norm: 292348.057 B/op
                 gc.count:           7.000 counts
                 gc.time:            4.000 ms

Iteration   7: 93.156 us/op
                 gc.alloc.rate:      2992.205 MB/sec
                 gc.alloc.rate.norm: 292328.552 B/op
                 gc.count:           6.000 counts
                 gc.time:            3.000 ms

Iteration   8: 92.452 us/op
                 gc.alloc.rate:      3015.109 MB/sec
                 gc.alloc.rate.norm: 292328.546 B/op
                 gc.count:           7.000 counts
                 gc.time:            4.000 ms


# Run progress: 87.65% complete, ETA 00:03:03
# Fork: 3 of 3
# Warmup Iteration   1: 150.344 us/op
# Warmup Iteration   2: 96.955 us/op
# Warmup Iteration   3: 93.017 us/op
# Warmup Iteration   4: 92.319 us/op
# Warmup Iteration   5: 94.380 us/op
Iteration   1: 93.227 us/op
                 gc.alloc.rate:      2992.000 MB/sec
                 gc.alloc.rate.norm: 292528.553 B/op
                 gc.count:           7.000 counts
                 gc.time:            4.000 ms

Iteration   2: 93.456 us/op
                 gc.alloc.rate:      2985.151 MB/sec
                 gc.alloc.rate.norm: 292574.519 B/op
                 gc.count:           6.000 counts
                 gc.time:            3.000 ms

Iteration   3: 91.487 us/op
                 gc.alloc.rate:      3049.474 MB/sec
                 gc.alloc.rate.norm: 292576.534 B/op
                 gc.count:           7.000 counts
                 gc.time:            5.000 ms

Iteration   4: 91.336 us/op
                 gc.alloc.rate:      3054.451 MB/sec
                 gc.alloc.rate.norm: 292576.542 B/op
                 gc.count:           7.000 counts
                 gc.time:            3.000 ms

Iteration   5: 91.047 us/op
                 gc.alloc.rate:      3064.236 MB/sec
                 gc.alloc.rate.norm: 292576.549 B/op
                 gc.count:           7.000 counts
                 gc.time:            4.000 ms

Iteration   6: 91.444 us/op
                 gc.alloc.rate:      3050.562 MB/sec
                 gc.alloc.rate.norm: 292553.417 B/op
                 gc.count:           7.000 counts
                 gc.time:            4.000 ms

Iteration   7: 91.421 us/op
                 gc.alloc.rate:      3051.109 MB/sec
                 gc.alloc.rate.norm: 292528.542 B/op
                 gc.count:           7.000 counts
                 gc.time:            4.000 ms

Iteration   8: 91.378 us/op
                 gc.alloc.rate:      3052.617 MB/sec
                 gc.alloc.rate.norm: 292528.544 B/op
                 gc.count:           7.000 counts
                 gc.time:            4.000 ms



Result "io.github.agentic.spring.ai.benchmark.graph.StateWidthGraphBenchmark.invoke":
  91.982 ±(99.9%) 1.070 us/op [Average]
  (min, avg, max) = (90.530, 91.982, 96.475), stdev = 1.391
  CI (99.9%): [90.912, 93.052] (assumes normal distribution)

Secondary result "io.github.agentic.spring.ai.benchmark.graph.StateWidthGraphBenchmark.invoke:gc.alloc.rate":
  3033.209 ±(99.9%) 34.482 MB/sec [Average]
  (min, avg, max) = (2889.579, 3033.209, 3078.912), stdev = 44.837
  CI (99.9%): [2998.726, 3067.691] (assumes normal distribution)

Secondary result "io.github.agentic.spring.ai.benchmark.graph.StateWidthGraphBenchmark.invoke:gc.alloc.rate.norm":
  292533.997 ±(99.9%) 109.645 B/op [Average]
  (min, avg, max) = (292328.546, 292533.997, 292712.553), stdev = 142.569
  CI (99.9%): [292424.352, 292643.642] (assumes normal distribution)

Secondary result "io.github.agentic.spring.ai.benchmark.graph.StateWidthGraphBenchmark.invoke:gc.count":
  165.000 ±(99.9%) 0.001 counts [Sum]
  (min, avg, max) = (6.000, 6.875, 7.000), stdev = 0.338
  CI (99.9%): [165.000, 165.000] (assumes normal distribution)

Secondary result "io.github.agentic.spring.ai.benchmark.graph.StateWidthGraphBenchmark.invoke:gc.time":
  92.000 ±(99.9%) 0.001 ms [Sum]
  (min, avg, max) = (3.000, 3.833, 5.000), stdev = 0.482
  CI (99.9%): [92.000, 92.000] (assumes normal distribution)


# JMH version: 1.37
# VM version: JDK 17.0.19, OpenJDK 64-Bit Server VM, 17.0.19+10-LTS
# VM invoker: <HOME>/.local/share/mise/installs/java/zulu-17.66.19.0/bin/java
# VM options: <none>
# Blackhole mode: compiler (auto-detected, use -Djmh.blackhole.autoDetect=false to disable)
# Warmup: 5 iterations, 1 s each
# Measurement: 8 iterations, 1 s each
# Timeout: 10 min per iteration
# Threads: 1 thread, will synchronize iterations
# Benchmark mode: Average time, time/op
# Benchmark: io.github.agentic.spring.ai.benchmark.graph.StateWidthGraphBenchmark.invoke
# Parameters: (nodeCount = 20, stateKeys = 1)

# Run progress: 88.89% complete, ETA 00:02:45
# Fork: 1 of 3
# Warmup Iteration   1: 107.067 us/op
# Warmup Iteration   2: 48.434 us/op
# Warmup Iteration   3: 45.836 us/op
# Warmup Iteration   4: 45.688 us/op
# Warmup Iteration   5: 45.541 us/op
Iteration   1: 47.594 us/op
                 gc.alloc.rate:      5509.867 MB/sec
                 gc.alloc.rate.norm: 275023.096 B/op
                 gc.count:           10.000 counts
                 gc.time:            6.000 ms

Iteration   2: 47.085 us/op
                 gc.alloc.rate:      5568.898 MB/sec
                 gc.alloc.rate.norm: 274992.280 B/op
                 gc.count:           11.000 counts
                 gc.time:            7.000 ms

Iteration   3: 45.842 us/op
                 gc.alloc.rate:      5720.101 MB/sec
                 gc.alloc.rate.norm: 274992.272 B/op
                 gc.count:           11.000 counts
                 gc.time:            6.000 ms

Iteration   4: 46.019 us/op
                 gc.alloc.rate:      5697.835 MB/sec
                 gc.alloc.rate.norm: 274992.273 B/op
                 gc.count:           10.000 counts
                 gc.time:            6.000 ms

Iteration   5: 45.789 us/op
                 gc.alloc.rate:      5726.712 MB/sec
                 gc.alloc.rate.norm: 274992.271 B/op
                 gc.count:           11.000 counts
                 gc.time:            6.000 ms

Iteration   6: 47.112 us/op
                 gc.alloc.rate:      5565.726 MB/sec
                 gc.alloc.rate.norm: 274992.277 B/op
                 gc.count:           11.000 counts
                 gc.time:            7.000 ms

Iteration   7: 46.430 us/op
                 gc.alloc.rate:      5647.329 MB/sec
                 gc.alloc.rate.norm: 274992.462 B/op
                 gc.count:           10.000 counts
                 gc.time:            6.000 ms

Iteration   8: 47.557 us/op
                 gc.alloc.rate:      5513.644 MB/sec
                 gc.alloc.rate.norm: 274992.282 B/op
                 gc.count:           10.000 counts
                 gc.time:            5.000 ms


# Run progress: 90.12% complete, ETA 00:02:27
# Fork: 2 of 3
# Warmup Iteration   1: 112.781 us/op
# Warmup Iteration   2: 49.691 us/op
# Warmup Iteration   3: 46.646 us/op
# Warmup Iteration   4: 46.790 us/op
# Warmup Iteration   5: 47.670 us/op
Iteration   1: 46.708 us/op
                 gc.alloc.rate:      5615.198 MB/sec
                 gc.alloc.rate.norm: 275060.774 B/op
                 gc.count:           11.000 counts
                 gc.time:            6.000 ms

Iteration   2: 47.602 us/op
                 gc.alloc.rate:      5508.845 MB/sec
                 gc.alloc.rate.norm: 275024.284 B/op
                 gc.count:           10.000 counts
                 gc.time:            6.000 ms

Iteration   3: 46.422 us/op
                 gc.alloc.rate:      5649.242 MB/sec
                 gc.alloc.rate.norm: 275024.274 B/op
                 gc.count:           11.000 counts
                 gc.time:            7.000 ms

Iteration   4: 49.143 us/op
                 gc.alloc.rate:      5336.360 MB/sec
                 gc.alloc.rate.norm: 275024.292 B/op
                 gc.count:           10.000 counts
                 gc.time:            6.000 ms

Iteration   5: 46.378 us/op
                 gc.alloc.rate:      5654.668 MB/sec
                 gc.alloc.rate.norm: 275024.276 B/op
                 gc.count:           10.000 counts
                 gc.time:            6.000 ms

Iteration   6: 47.791 us/op
                 gc.alloc.rate:      5487.115 MB/sec
                 gc.alloc.rate.norm: 275024.280 B/op
                 gc.count:           11.000 counts
                 gc.time:            6.000 ms

Iteration   7: 46.792 us/op
                 gc.alloc.rate:      5604.456 MB/sec
                 gc.alloc.rate.norm: 275024.470 B/op
                 gc.count:           10.000 counts
                 gc.time:            6.000 ms

Iteration   8: 49.539 us/op
                 gc.alloc.rate:      5293.680 MB/sec
                 gc.alloc.rate.norm: 275024.294 B/op
                 gc.count:           10.000 counts
                 gc.time:            6.000 ms


# Run progress: 91.36% complete, ETA 00:02:08
# Fork: 3 of 3
# Warmup Iteration   1: 128.692 us/op
# Warmup Iteration   2: 49.268 us/op
# Warmup Iteration   3: 47.161 us/op
# Warmup Iteration   4: 46.318 us/op
# Warmup Iteration   5: 46.167 us/op
Iteration   1: 45.985 us/op
                 gc.alloc.rate:      5703.975 MB/sec
                 gc.alloc.rate.norm: 275084.800 B/op
                 gc.count:           10.000 counts
                 gc.time:            6.000 ms

Iteration   2: 46.097 us/op
                 gc.alloc.rate:      5689.351 MB/sec
                 gc.alloc.rate.norm: 275048.275 B/op
                 gc.count:           11.000 counts
                 gc.time:            7.000 ms

Iteration   3: 45.883 us/op
                 gc.alloc.rate:      5715.911 MB/sec
                 gc.alloc.rate.norm: 275048.269 B/op
                 gc.count:           11.000 counts
                 gc.time:            6.000 ms

Iteration   4: 45.941 us/op
                 gc.alloc.rate:      5708.684 MB/sec
                 gc.alloc.rate.norm: 275048.274 B/op
                 gc.count:           10.000 counts
                 gc.time:            5.000 ms

Iteration   5: 45.954 us/op
                 gc.alloc.rate:      5707.042 MB/sec
                 gc.alloc.rate.norm: 275048.272 B/op
                 gc.count:           11.000 counts
                 gc.time:            6.000 ms

Iteration   6: 46.074 us/op
                 gc.alloc.rate:      5692.473 MB/sec
                 gc.alloc.rate.norm: 275048.270 B/op
                 gc.count:           11.000 counts
                 gc.time:            6.000 ms

Iteration   7: 46.124 us/op
                 gc.alloc.rate:      5686.120 MB/sec
                 gc.alloc.rate.norm: 275048.463 B/op
                 gc.count:           10.000 counts
                 gc.time:            6.000 ms

Iteration   8: 46.127 us/op
                 gc.alloc.rate:      5685.660 MB/sec
                 gc.alloc.rate.norm: 275048.273 B/op
                 gc.count:           11.000 counts
                 gc.time:            6.000 ms



Result "io.github.agentic.spring.ai.benchmark.graph.StateWidthGraphBenchmark.invoke":
  46.750 ±(99.9%) 0.783 us/op [Average]
  (min, avg, max) = (45.789, 46.750, 49.539), stdev = 1.018
  CI (99.9%): [45.966, 47.533] (assumes normal distribution)

Secondary result "io.github.agentic.spring.ai.benchmark.graph.StateWidthGraphBenchmark.invoke:gc.alloc.rate":
  5612.037 ±(99.9%) 91.476 MB/sec [Average]
  (min, avg, max) = (5293.680, 5612.037, 5726.712), stdev = 118.944
  CI (99.9%): [5520.562, 5703.513] (assumes normal distribution)

Secondary result "io.github.agentic.spring.ai.benchmark.graph.StateWidthGraphBenchmark.invoke:gc.alloc.rate.norm":
  275025.961 ±(99.9%) 20.363 B/op [Average]
  (min, avg, max) = (274992.271, 275025.961, 275084.800), stdev = 26.478
  CI (99.9%): [275005.597, 275046.324] (assumes normal distribution)

Secondary result "io.github.agentic.spring.ai.benchmark.graph.StateWidthGraphBenchmark.invoke:gc.count":
  252.000 ±(99.9%) 0.001 counts [Sum]
  (min, avg, max) = (10.000, 10.500, 11.000), stdev = 0.511
  CI (99.9%): [252.000, 252.000] (assumes normal distribution)

Secondary result "io.github.agentic.spring.ai.benchmark.graph.StateWidthGraphBenchmark.invoke:gc.time":
  146.000 ±(99.9%) 0.001 ms [Sum]
  (min, avg, max) = (5.000, 6.083, 7.000), stdev = 0.504
  CI (99.9%): [146.000, 146.000] (assumes normal distribution)


# JMH version: 1.37
# VM version: JDK 17.0.19, OpenJDK 64-Bit Server VM, 17.0.19+10-LTS
# VM invoker: <HOME>/.local/share/mise/installs/java/zulu-17.66.19.0/bin/java
# VM options: <none>
# Blackhole mode: compiler (auto-detected, use -Djmh.blackhole.autoDetect=false to disable)
# Warmup: 5 iterations, 1 s each
# Measurement: 8 iterations, 1 s each
# Timeout: 10 min per iteration
# Threads: 1 thread, will synchronize iterations
# Benchmark mode: Average time, time/op
# Benchmark: io.github.agentic.spring.ai.benchmark.graph.StateWidthGraphBenchmark.invoke
# Parameters: (nodeCount = 20, stateKeys = 10)

# Run progress: 92.59% complete, ETA 00:01:50
# Fork: 1 of 3
# Warmup Iteration   1: 147.687 us/op
# Warmup Iteration   2: 81.262 us/op
# Warmup Iteration   3: 76.961 us/op
# Warmup Iteration   4: 79.838 us/op
# Warmup Iteration   5: 76.982 us/op
Iteration   1: 76.959 us/op
                 gc.alloc.rate:      4426.807 MB/sec
                 gc.alloc.rate.norm: 357283.331 B/op
                 gc.count:           8.000 counts
                 gc.time:            4.000 ms

Iteration   2: 77.644 us/op
                 gc.alloc.rate:      4387.851 MB/sec
                 gc.alloc.rate.norm: 357296.460 B/op
                 gc.count:           8.000 counts
                 gc.time:            5.000 ms

Iteration   3: 76.706 us/op
                 gc.alloc.rate:      4441.648 MB/sec
                 gc.alloc.rate.norm: 357296.454 B/op
                 gc.count:           9.000 counts
                 gc.time:            5.000 ms

Iteration   4: 76.927 us/op
                 gc.alloc.rate:      4428.733 MB/sec
                 gc.alloc.rate.norm: 357295.104 B/op
                 gc.count:           8.000 counts
                 gc.time:            5.000 ms

Iteration   5: 78.852 us/op
                 gc.alloc.rate:      4319.338 MB/sec
                 gc.alloc.rate.norm: 357248.631 B/op
                 gc.count:           8.000 counts
                 gc.time:            5.000 ms

Iteration   6: 79.023 us/op
                 gc.alloc.rate:      4310.502 MB/sec
                 gc.alloc.rate.norm: 357248.468 B/op
                 gc.count:           8.000 counts
                 gc.time:            5.000 ms

Iteration   7: 78.196 us/op
                 gc.alloc.rate:      4356.469 MB/sec
                 gc.alloc.rate.norm: 357248.458 B/op
                 gc.count:           8.000 counts
                 gc.time:            5.000 ms

Iteration   8: 80.791 us/op
                 gc.alloc.rate:      4216.522 MB/sec
                 gc.alloc.rate.norm: 357248.475 B/op
                 gc.count:           8.000 counts
                 gc.time:            4.000 ms


# Run progress: 93.83% complete, ETA 00:01:31
# Fork: 2 of 3
# Warmup Iteration   1: 147.494 us/op
# Warmup Iteration   2: 81.157 us/op
# Warmup Iteration   3: 77.776 us/op
# Warmup Iteration   4: 76.962 us/op
# Warmup Iteration   5: 76.254 us/op
Iteration   1: 87.595 us/op
                 gc.alloc.rate:      3883.705 MB/sec
                 gc.alloc.rate.norm: 356771.372 B/op
                 gc.count:           8.000 counts
                 gc.time:            6.000 ms

Iteration   2: 76.767 us/op
                 gc.alloc.rate:      4431.809 MB/sec
                 gc.alloc.rate.norm: 356784.449 B/op
                 gc.count:           8.000 counts
                 gc.time:            4.000 ms

Iteration   3: 76.490 us/op
                 gc.alloc.rate:      4447.568 MB/sec
                 gc.alloc.rate.norm: 356784.454 B/op
                 gc.count:           8.000 counts
                 gc.time:            5.000 ms

Iteration   4: 76.507 us/op
                 gc.alloc.rate:      4446.847 MB/sec
                 gc.alloc.rate.norm: 356784.460 B/op
                 gc.count:           9.000 counts
                 gc.time:            5.000 ms

Iteration   5: 76.483 us/op
                 gc.alloc.rate:      4447.050 MB/sec
                 gc.alloc.rate.norm: 356738.170 B/op
                 gc.count:           8.000 counts
                 gc.time:            5.000 ms

Iteration   6: 76.812 us/op
                 gc.alloc.rate:      4428.447 MB/sec
                 gc.alloc.rate.norm: 356736.451 B/op
                 gc.count:           8.000 counts
                 gc.time:            5.000 ms

Iteration   7: 77.425 us/op
                 gc.alloc.rate:      4393.207 MB/sec
                 gc.alloc.rate.norm: 356736.460 B/op
                 gc.count:           9.000 counts
                 gc.time:            5.000 ms

Iteration   8: 77.314 us/op
                 gc.alloc.rate:      4399.729 MB/sec
                 gc.alloc.rate.norm: 356736.455 B/op
                 gc.count:           8.000 counts
                 gc.time:            5.000 ms


# Run progress: 95.06% complete, ETA 00:01:13
# Fork: 3 of 3
# Warmup Iteration   1: 160.456 us/op
# Warmup Iteration   2: 82.186 us/op
# Warmup Iteration   3: 78.201 us/op
# Warmup Iteration   4: 76.714 us/op
# Warmup Iteration   5: 76.741 us/op
Iteration   1: 77.187 us/op
                 gc.alloc.rate:      4407.392 MB/sec
                 gc.alloc.rate.norm: 356769.967 B/op
                 gc.count:           8.000 counts
                 gc.time:            5.000 ms

Iteration   2: 76.556 us/op
                 gc.alloc.rate:      4444.100 MB/sec
                 gc.alloc.rate.norm: 356784.448 B/op
                 gc.count:           8.000 counts
                 gc.time:            4.000 ms

Iteration   3: 77.252 us/op
                 gc.alloc.rate:      4403.862 MB/sec
                 gc.alloc.rate.norm: 356784.459 B/op
                 gc.count:           9.000 counts
                 gc.time:            6.000 ms

Iteration   4: 77.017 us/op
                 gc.alloc.rate:      4417.352 MB/sec
                 gc.alloc.rate.norm: 356783.914 B/op
                 gc.count:           8.000 counts
                 gc.time:            4.000 ms

Iteration   5: 76.503 us/op
                 gc.alloc.rate:      4446.663 MB/sec
                 gc.alloc.rate.norm: 356765.989 B/op
                 gc.count:           8.000 counts
                 gc.time:            5.000 ms

Iteration   6: 77.226 us/op
                 gc.alloc.rate:      4404.744 MB/sec
                 gc.alloc.rate.norm: 356736.458 B/op
                 gc.count:           9.000 counts
                 gc.time:            5.000 ms

Iteration   7: 76.756 us/op
                 gc.alloc.rate:      4431.634 MB/sec
                 gc.alloc.rate.norm: 356736.458 B/op
                 gc.count:           8.000 counts
                 gc.time:            5.000 ms

Iteration   8: 76.512 us/op
                 gc.alloc.rate:      4445.914 MB/sec
                 gc.alloc.rate.norm: 356736.451 B/op
                 gc.count:           8.000 counts
                 gc.time:            5.000 ms



Result "io.github.agentic.spring.ai.benchmark.graph.StateWidthGraphBenchmark.invoke":
  77.729 ±(99.9%) 1.795 us/op [Average]
  (min, avg, max) = (76.483, 77.729, 87.595), stdev = 2.335
  CI (99.9%): [75.934, 79.525] (assumes normal distribution)

Secondary result "io.github.agentic.spring.ai.benchmark.graph.StateWidthGraphBenchmark.invoke:gc.alloc.rate":
  4381.996 ±(99.9%) 91.903 MB/sec [Average]
  (min, avg, max) = (3883.705, 4381.996, 4447.568), stdev = 119.500
  CI (99.9%): [4290.093, 4473.899] (assumes normal distribution)

Secondary result "io.github.agentic.spring.ai.benchmark.graph.StateWidthGraphBenchmark.invoke:gc.alloc.rate.norm":
  356930.658 ±(99.9%) 189.673 B/op [Average]
  (min, avg, max) = (356736.451, 356930.658, 357296.460), stdev = 246.629
  CI (99.9%): [356740.985, 357120.331] (assumes normal distribution)

Secondary result "io.github.agentic.spring.ai.benchmark.graph.StateWidthGraphBenchmark.invoke:gc.count":
  197.000 ±(99.9%) 0.001 counts [Sum]
  (min, avg, max) = (8.000, 8.208, 9.000), stdev = 0.415
  CI (99.9%): [197.000, 197.000] (assumes normal distribution)

Secondary result "io.github.agentic.spring.ai.benchmark.graph.StateWidthGraphBenchmark.invoke:gc.time":
  117.000 ±(99.9%) 0.001 ms [Sum]
  (min, avg, max) = (4.000, 4.875, 6.000), stdev = 0.537
  CI (99.9%): [117.000, 117.000] (assumes normal distribution)


# JMH version: 1.37
# VM version: JDK 17.0.19, OpenJDK 64-Bit Server VM, 17.0.19+10-LTS
# VM invoker: <HOME>/.local/share/mise/installs/java/zulu-17.66.19.0/bin/java
# VM options: <none>
# Blackhole mode: compiler (auto-detected, use -Djmh.blackhole.autoDetect=false to disable)
# Warmup: 5 iterations, 1 s each
# Measurement: 8 iterations, 1 s each
# Timeout: 10 min per iteration
# Threads: 1 thread, will synchronize iterations
# Benchmark mode: Average time, time/op
# Benchmark: io.github.agentic.spring.ai.benchmark.graph.StateWidthGraphBenchmark.invoke
# Parameters: (nodeCount = 20, stateKeys = 50)

# Run progress: 96.30% complete, ETA 00:00:55
# Fork: 1 of 3
# Warmup Iteration   1: 415.301 us/op
# Warmup Iteration   2: 257.677 us/op
# Warmup Iteration   3: 246.687 us/op
# Warmup Iteration   4: 245.092 us/op
# Warmup Iteration   5: 244.123 us/op
Iteration   1: 244.234 us/op
                 gc.alloc.rate:      3196.080 MB/sec
                 gc.alloc.rate.norm: 818625.450 B/op
                 gc.count:           7.000 counts
                 gc.time:            4.000 ms

Iteration   2: 245.149 us/op
                 gc.alloc.rate:      3184.090 MB/sec
                 gc.alloc.rate.norm: 818625.457 B/op
                 gc.count:           8.000 counts
                 gc.time:            5.000 ms

Iteration   3: 245.028 us/op
                 gc.alloc.rate:      3185.609 MB/sec
                 gc.alloc.rate.norm: 818625.447 B/op
                 gc.count:           7.000 counts
                 gc.time:            3.000 ms

Iteration   4: 242.832 us/op
                 gc.alloc.rate:      3214.511 MB/sec
                 gc.alloc.rate.norm: 818625.440 B/op
                 gc.count:           7.000 counts
                 gc.time:            4.000 ms

Iteration   5: 243.362 us/op
                 gc.alloc.rate:      3207.519 MB/sec
                 gc.alloc.rate.norm: 818625.446 B/op
                 gc.count:           7.000 counts
                 gc.time:            4.000 ms

Iteration   6: 244.317 us/op
                 gc.alloc.rate:      3194.946 MB/sec
                 gc.alloc.rate.norm: 818625.455 B/op
                 gc.count:           8.000 counts
                 gc.time:            5.000 ms

Iteration   7: 244.279 us/op
                 gc.alloc.rate:      3195.555 MB/sec
                 gc.alloc.rate.norm: 818625.450 B/op
                 gc.count:           7.000 counts
                 gc.time:            4.000 ms

Iteration   8: 243.843 us/op
                 gc.alloc.rate:      3201.069 MB/sec
                 gc.alloc.rate.norm: 818625.704 B/op
                 gc.count:           7.000 counts
                 gc.time:            4.000 ms


# Run progress: 97.53% complete, ETA 00:00:36
# Fork: 2 of 3
# Warmup Iteration   1: 404.983 us/op
# Warmup Iteration   2: 253.164 us/op
# Warmup Iteration   3: 244.817 us/op
# Warmup Iteration   4: 243.167 us/op
# Warmup Iteration   5: 242.485 us/op
Iteration   1: 242.702 us/op
                 gc.alloc.rate:      3226.971 MB/sec
                 gc.alloc.rate.norm: 821345.433 B/op
                 gc.count:           7.000 counts
                 gc.time:            4.000 ms

Iteration   2: 252.078 us/op
                 gc.alloc.rate:      3106.876 MB/sec
                 gc.alloc.rate.norm: 821345.501 B/op
                 gc.count:           7.000 counts
                 gc.time:            4.000 ms

Iteration   3: 242.388 us/op
                 gc.alloc.rate:      3231.097 MB/sec
                 gc.alloc.rate.norm: 821345.431 B/op
                 gc.count:           8.000 counts
                 gc.time:            5.000 ms

Iteration   4: 244.572 us/op
                 gc.alloc.rate:      3202.298 MB/sec
                 gc.alloc.rate.norm: 821345.450 B/op
                 gc.count:           7.000 counts
                 gc.time:            4.000 ms

Iteration   5: 241.918 us/op
                 gc.alloc.rate:      3237.286 MB/sec
                 gc.alloc.rate.norm: 821345.441 B/op
                 gc.count:           7.000 counts
                 gc.time:            4.000 ms

Iteration   6: 250.161 us/op
                 gc.alloc.rate:      3130.860 MB/sec
                 gc.alloc.rate.norm: 821345.470 B/op
                 gc.count:           7.000 counts
                 gc.time:            4.000 ms

Iteration   7: 250.536 us/op
                 gc.alloc.rate:      3126.074 MB/sec
                 gc.alloc.rate.norm: 821345.471 B/op
                 gc.count:           8.000 counts
                 gc.time:            5.000 ms

Iteration   8: 250.837 us/op
                 gc.alloc.rate:      3122.401 MB/sec
                 gc.alloc.rate.norm: 821345.737 B/op
                 gc.count:           7.000 counts
                 gc.time:            4.000 ms


# Run progress: 98.77% complete, ETA 00:00:18
# Fork: 3 of 3
# Warmup Iteration   1: 388.061 us/op
# Warmup Iteration   2: 254.124 us/op
# Warmup Iteration   3: 250.066 us/op
# Warmup Iteration   4: 243.588 us/op
# Warmup Iteration   5: 241.178 us/op
Iteration   1: 240.752 us/op
                 gc.alloc.rate:      3243.614 MB/sec
                 gc.alloc.rate.norm: 818977.426 B/op
                 gc.count:           7.000 counts
                 gc.time:            4.000 ms

Iteration   2: 241.509 us/op
                 gc.alloc.rate:      3233.488 MB/sec
                 gc.alloc.rate.norm: 818977.439 B/op
                 gc.count:           7.000 counts
                 gc.time:            4.000 ms

Iteration   3: 247.834 us/op
                 gc.alloc.rate:      3150.978 MB/sec
                 gc.alloc.rate.norm: 818977.459 B/op
                 gc.count:           7.000 counts
                 gc.time:            4.000 ms

Iteration   4: 241.047 us/op
                 gc.alloc.rate:      3239.526 MB/sec
                 gc.alloc.rate.norm: 818977.429 B/op
                 gc.count:           8.000 counts
                 gc.time:            5.000 ms

Iteration   5: 240.994 us/op
                 gc.alloc.rate:      3240.442 MB/sec
                 gc.alloc.rate.norm: 818977.423 B/op
                 gc.count:           7.000 counts
                 gc.time:            4.000 ms

Iteration   6: 246.407 us/op
                 gc.alloc.rate:      3169.180 MB/sec
                 gc.alloc.rate.norm: 818977.459 B/op
                 gc.count:           7.000 counts
                 gc.time:            4.000 ms

Iteration   7: 242.642 us/op
                 gc.alloc.rate:      3218.481 MB/sec
                 gc.alloc.rate.norm: 818977.440 B/op
                 gc.count:           8.000 counts
                 gc.time:            4.000 ms

Iteration   8: 245.093 us/op
                 gc.alloc.rate:      3186.161 MB/sec
                 gc.alloc.rate.norm: 818977.709 B/op
                 gc.count:           7.000 counts
                 gc.time:            4.000 ms



Result "io.github.agentic.spring.ai.benchmark.graph.StateWidthGraphBenchmark.invoke":
  244.771 ±(99.9%) 2.534 us/op [Average]
  (min, avg, max) = (240.752, 244.771, 252.078), stdev = 3.296
  CI (99.9%): [242.237, 247.306] (assumes normal distribution)

Secondary result "io.github.agentic.spring.ai.benchmark.graph.StateWidthGraphBenchmark.invoke:gc.alloc.rate":
  3193.546 ±(99.9%) 31.230 MB/sec [Average]
  (min, avg, max) = (3106.876, 3193.546, 3243.614), stdev = 40.607
  CI (99.9%): [3162.317, 3224.776] (assumes normal distribution)

Secondary result "io.github.agentic.spring.ai.benchmark.graph.StateWidthGraphBenchmark.invoke:gc.alloc.rate.norm":
  819649.482 ±(99.9%) 948.883 B/op [Average]
  (min, avg, max) = (818625.440, 819649.482, 821345.737), stdev = 1233.817
  CI (99.9%): [818700.598, 820598.365] (assumes normal distribution)

Secondary result "io.github.agentic.spring.ai.benchmark.graph.StateWidthGraphBenchmark.invoke:gc.count":
  174.000 ±(99.9%) 0.001 counts [Sum]
  (min, avg, max) = (7.000, 7.250, 8.000), stdev = 0.442
  CI (99.9%): [174.000, 174.000] (assumes normal distribution)

Secondary result "io.github.agentic.spring.ai.benchmark.graph.StateWidthGraphBenchmark.invoke:gc.time":
  100.000 ±(99.9%) 0.001 ms [Sum]
  (min, avg, max) = (3.000, 4.167, 5.000), stdev = 0.482
  CI (99.9%): [100.000, 100.000] (assumes normal distribution)


# Run complete. Total time: 00:24:49

REMEMBER: The numbers below are just data. To gain reusable insights, you need to follow up on
why the numbers are the way they are. Use profilers (see -prof, -lprof), design factorial
experiments, perform baseline and negative tests that provide experimental control, make sure
the benchmarking environment is safe on JVM/OS/HW level, ask for reviews from the domain experts.
Do not assume the numbers tell you what you want them to tell.

NOTE: Current JVM experimentally supports Compiler Blackholes, and they are in use. Please exercise
extra caution when trusting the results, look into the generated code to check the benchmark still
works, and factor in a small probability of new VM bugs. Additionally, while comparisons between
different JVMs are already problematic, the performance difference caused by different Blackhole
modes can be very significant. Please make sure you use the consistent Blackhole mode for comparisons.

Benchmark                                                      (branches)  (cpuTokens)  (nodeCount)  (stateKeys)   Mode  Cnt       Score      Error   Units
GraphThroughputBenchmark.threads1                                     N/A          N/A          N/A          N/A  thrpt   24   42178.021 ±  487.298   ops/s
GraphThroughputBenchmark.threads1:gc.alloc.rate                       N/A          N/A          N/A          N/A  thrpt   24    5842.351 ±   66.104  MB/sec
GraphThroughputBenchmark.threads1:gc.alloc.rate.norm                  N/A          N/A          N/A          N/A  thrpt   24  145266.843 ±   77.031    B/op
GraphThroughputBenchmark.threads1:gc.count                            N/A          N/A          N/A          N/A  thrpt   24     264.000             counts
GraphThroughputBenchmark.threads1:gc.time                             N/A          N/A          N/A          N/A  thrpt   24     154.000                 ms
GraphThroughputBenchmark.threads4                                     N/A          N/A          N/A          N/A  thrpt   24  108037.298 ± 1992.709   ops/s
GraphThroughputBenchmark.threads4:gc.alloc.rate                       N/A          N/A          N/A          N/A  thrpt   24   14939.852 ±  282.435  MB/sec
GraphThroughputBenchmark.threads4:gc.alloc.rate.norm                  N/A          N/A          N/A          N/A  thrpt   24  145046.175 ±   81.643    B/op
GraphThroughputBenchmark.threads4:gc.count                            N/A          N/A          N/A          N/A  thrpt   24     511.000             counts
GraphThroughputBenchmark.threads4:gc.time                             N/A          N/A          N/A          N/A  thrpt   24     300.000                 ms
GraphThroughputBenchmark.threads8                                     N/A          N/A          N/A          N/A  thrpt   24  101339.384 ± 3132.886   ops/s
GraphThroughputBenchmark.threads8:gc.alloc.rate                       N/A          N/A          N/A          N/A  thrpt   24   14080.828 ±  459.479  MB/sec
GraphThroughputBenchmark.threads8:gc.alloc.rate.norm                  N/A          N/A          N/A          N/A  thrpt   24  145743.488 ±  523.328    B/op
GraphThroughputBenchmark.threads8:gc.count                            N/A          N/A          N/A          N/A  thrpt   24     573.000             counts
GraphThroughputBenchmark.threads8:gc.time                             N/A          N/A          N/A          N/A  thrpt   24     357.000                 ms
ParallelCrossoverGraphBenchmark.parallel                                4            0          N/A          N/A   avgt   24      31.871 ±    1.171   us/op
ParallelCrossoverGraphBenchmark.parallel:gc.alloc.rate                  4            0          N/A          N/A   avgt   24    2935.870 ±  101.563  MB/sec
ParallelCrossoverGraphBenchmark.parallel:gc.alloc.rate.norm             4            0          N/A          N/A   avgt   24   97925.191 ±   30.689    B/op
ParallelCrossoverGraphBenchmark.parallel:gc.count                       4            0          N/A          N/A   avgt   24     160.000             counts
ParallelCrossoverGraphBenchmark.parallel:gc.time                        4            0          N/A          N/A   avgt   24      86.000                 ms
ParallelCrossoverGraphBenchmark.parallel                                4        10000          N/A          N/A   avgt   24      88.084 ±    1.796   us/op
ParallelCrossoverGraphBenchmark.parallel:gc.alloc.rate                  4        10000          N/A          N/A   avgt   24    1064.529 ±   21.233  MB/sec
ParallelCrossoverGraphBenchmark.parallel:gc.alloc.rate.norm             4        10000          N/A          N/A   avgt   24   98270.651 ±   22.092    B/op
ParallelCrossoverGraphBenchmark.parallel:gc.count                       4        10000          N/A          N/A   avgt   24      86.000             counts
ParallelCrossoverGraphBenchmark.parallel:gc.time                        4        10000          N/A          N/A   avgt   24      43.000                 ms
ParallelCrossoverGraphBenchmark.parallel                                4       100000          N/A          N/A   avgt   24     286.548 ±    8.197   us/op
ParallelCrossoverGraphBenchmark.parallel:gc.alloc.rate                  4       100000          N/A          N/A   avgt   24     327.841 ±    9.162  MB/sec
ParallelCrossoverGraphBenchmark.parallel:gc.alloc.rate.norm             4       100000          N/A          N/A   avgt   24   98390.718 ±   56.329    B/op
ParallelCrossoverGraphBenchmark.parallel:gc.count                       4       100000          N/A          N/A   avgt   24      27.000             counts
ParallelCrossoverGraphBenchmark.parallel:gc.time                        4       100000          N/A          N/A   avgt   24      53.000                 ms
ParallelCrossoverGraphBenchmark.parallel                                8            0          N/A          N/A   avgt   24      38.934 ±    0.358   us/op
ParallelCrossoverGraphBenchmark.parallel:gc.alloc.rate                  8            0          N/A          N/A   avgt   24    3091.284 ±   28.362  MB/sec
ParallelCrossoverGraphBenchmark.parallel:gc.alloc.rate.norm             8            0          N/A          N/A   avgt   24  126202.293 ±   11.379    B/op
ParallelCrossoverGraphBenchmark.parallel:gc.count                       8            0          N/A          N/A   avgt   24     169.000             counts
ParallelCrossoverGraphBenchmark.parallel:gc.time                        8            0          N/A          N/A   avgt   24      91.000                 ms
ParallelCrossoverGraphBenchmark.parallel                                8        10000          N/A          N/A   avgt   24     117.068 ±    1.197   us/op
ParallelCrossoverGraphBenchmark.parallel:gc.alloc.rate                  8        10000          N/A          N/A   avgt   24    1029.639 ±   10.078  MB/sec
ParallelCrossoverGraphBenchmark.parallel:gc.alloc.rate.norm             8        10000          N/A          N/A   avgt   24  126387.356 ±  136.725    B/op
ParallelCrossoverGraphBenchmark.parallel:gc.count                       8        10000          N/A          N/A   avgt   24      83.000             counts
ParallelCrossoverGraphBenchmark.parallel:gc.time                        8        10000          N/A          N/A   avgt   24      43.000                 ms
ParallelCrossoverGraphBenchmark.parallel                                8       100000          N/A          N/A   avgt   24     445.493 ±    4.160   us/op
ParallelCrossoverGraphBenchmark.parallel:gc.alloc.rate                  8       100000          N/A          N/A   avgt   24     271.914 ±    2.404  MB/sec
ParallelCrossoverGraphBenchmark.parallel:gc.alloc.rate.norm             8       100000          N/A          N/A   avgt   24  127019.990 ±   22.291    B/op
ParallelCrossoverGraphBenchmark.parallel:gc.count                       8       100000          N/A          N/A   avgt   24      23.000             counts
ParallelCrossoverGraphBenchmark.parallel:gc.time                        8       100000          N/A          N/A   avgt   24      42.000                 ms
ParallelCrossoverGraphBenchmark.sequential                              4            0          N/A          N/A   avgt   24      12.714 ±    0.224   us/op
ParallelCrossoverGraphBenchmark.sequential:gc.alloc.rate                4            0          N/A          N/A   avgt   24    5669.092 ±   93.617  MB/sec
ParallelCrossoverGraphBenchmark.sequential:gc.alloc.rate.norm           4            0          N/A          N/A   avgt   24   75554.755 ±   31.355    B/op
ParallelCrossoverGraphBenchmark.sequential:gc.count                     4            0          N/A          N/A   avgt   24     256.000             counts
ParallelCrossoverGraphBenchmark.sequential:gc.time                      4            0          N/A          N/A   avgt   24     151.000                 ms
ParallelCrossoverGraphBenchmark.sequential                              4        10000          N/A          N/A   avgt   24      91.397 ±    1.678   us/op
ParallelCrossoverGraphBenchmark.sequential:gc.alloc.rate                4        10000          N/A          N/A   avgt   24     790.002 ±   13.548  MB/sec
ParallelCrossoverGraphBenchmark.sequential:gc.alloc.rate.norm           4        10000          N/A          N/A   avgt   24   75685.195 ±   62.128    B/op
ParallelCrossoverGraphBenchmark.sequential:gc.count                     4        10000          N/A          N/A   avgt   24      64.000             counts
ParallelCrossoverGraphBenchmark.sequential:gc.time                      4        10000          N/A          N/A   avgt   24      46.000                 ms
ParallelCrossoverGraphBenchmark.sequential                              4       100000          N/A          N/A   avgt   24     780.287 ±    5.053   us/op
ParallelCrossoverGraphBenchmark.sequential:gc.alloc.rate                4       100000          N/A          N/A   avgt   24      92.377 ±    0.551  MB/sec
ParallelCrossoverGraphBenchmark.sequential:gc.alloc.rate.norm           4       100000          N/A          N/A   avgt   24   75588.771 ±   42.289    B/op
ParallelCrossoverGraphBenchmark.sequential:gc.count                     4       100000          N/A          N/A   avgt   24       6.000             counts
ParallelCrossoverGraphBenchmark.sequential:gc.time                      4       100000          N/A          N/A   avgt   24      10.000                 ms
ParallelCrossoverGraphBenchmark.sequential                              8            0          N/A          N/A   avgt   24      20.877 ±    0.785   us/op
ParallelCrossoverGraphBenchmark.sequential:gc.alloc.rate                8            0          N/A          N/A   avgt   24    5592.761 ±  194.540  MB/sec
ParallelCrossoverGraphBenchmark.sequential:gc.alloc.rate.norm           8            0          N/A          N/A   avgt   24  122192.156 ±  192.489    B/op
ParallelCrossoverGraphBenchmark.sequential:gc.count                     8            0          N/A          N/A   avgt   24     252.000             counts
ParallelCrossoverGraphBenchmark.sequential:gc.time                      8            0          N/A          N/A   avgt   24     149.000                 ms
ParallelCrossoverGraphBenchmark.sequential                              8        10000          N/A          N/A   avgt   24     176.247 ±    3.085   us/op
ParallelCrossoverGraphBenchmark.sequential:gc.alloc.rate                8        10000          N/A          N/A   avgt   24     661.649 ±   10.994  MB/sec
ParallelCrossoverGraphBenchmark.sequential:gc.alloc.rate.norm           8        10000          N/A          N/A   avgt   24  122238.294 ±   97.544    B/op
ParallelCrossoverGraphBenchmark.sequential:gc.count                     8        10000          N/A          N/A   avgt   24      53.000             counts
ParallelCrossoverGraphBenchmark.sequential:gc.time                      8        10000          N/A          N/A   avgt   24      48.000                 ms
ParallelCrossoverGraphBenchmark.sequential                              8       100000          N/A          N/A   avgt   24    1592.513 ±   32.754   us/op
ParallelCrossoverGraphBenchmark.sequential:gc.alloc.rate                8       100000          N/A          N/A   avgt   24      73.151 ±    1.447  MB/sec
ParallelCrossoverGraphBenchmark.sequential:gc.alloc.rate.norm           8       100000          N/A          N/A   avgt   24  122090.611 ±   68.461    B/op
ParallelCrossoverGraphBenchmark.sequential:gc.count                     8       100000          N/A          N/A   avgt   24       5.000             counts
ParallelCrossoverGraphBenchmark.sequential:gc.time                      8       100000          N/A          N/A   avgt   24       9.000                 ms
StateWidthGraphBenchmark.directMapBaseline                            N/A          N/A            5            1   avgt   24       0.093 ±    0.009   us/op
StateWidthGraphBenchmark.directMapBaseline:gc.alloc.rate              N/A          N/A            5            1   avgt   24    1492.039 ±  132.590  MB/sec
StateWidthGraphBenchmark.directMapBaseline:gc.alloc.rate.norm         N/A          N/A            5            1   avgt   24     144.001 ±    0.001    B/op
StateWidthGraphBenchmark.directMapBaseline:gc.count                   N/A          N/A            5            1   avgt   24     121.000             counts
StateWidthGraphBenchmark.directMapBaseline:gc.time                    N/A          N/A            5            1   avgt   24      62.000                 ms
StateWidthGraphBenchmark.directMapBaseline                            N/A          N/A            5           10   avgt   24       0.153 ±    0.003   us/op
StateWidthGraphBenchmark.directMapBaseline:gc.alloc.rate              N/A          N/A            5           10   avgt   24    2986.031 ±   48.163  MB/sec
StateWidthGraphBenchmark.directMapBaseline:gc.alloc.rate.norm         N/A          N/A            5           10   avgt   24     480.001 ±    0.001    B/op
StateWidthGraphBenchmark.directMapBaseline:gc.count                   N/A          N/A            5           10   avgt   24     241.000             counts
StateWidthGraphBenchmark.directMapBaseline:gc.time                    N/A          N/A            5           10   avgt   24     125.000                 ms
StateWidthGraphBenchmark.directMapBaseline                            N/A          N/A            5           50   avgt   24       0.526 ±    0.012   us/op
StateWidthGraphBenchmark.directMapBaseline:gc.alloc.rate              N/A          N/A            5           50   avgt   24    4005.065 ±   88.774  MB/sec
StateWidthGraphBenchmark.directMapBaseline:gc.alloc.rate.norm         N/A          N/A            5           50   avgt   24    2208.003 ±    0.001    B/op
StateWidthGraphBenchmark.directMapBaseline:gc.count                   N/A          N/A            5           50   avgt   24     321.000             counts
StateWidthGraphBenchmark.directMapBaseline:gc.time                    N/A          N/A            5           50   avgt   24     165.000                 ms
StateWidthGraphBenchmark.directMapBaseline                            N/A          N/A           20            1   avgt   24       0.247 ±    0.002   us/op
StateWidthGraphBenchmark.directMapBaseline:gc.alloc.rate              N/A          N/A           20            1   avgt   24     555.481 ±    3.556  MB/sec
StateWidthGraphBenchmark.directMapBaseline:gc.alloc.rate.norm         N/A          N/A           20            1   avgt   24     144.001 ±    0.001    B/op
StateWidthGraphBenchmark.directMapBaseline:gc.count                   N/A          N/A           20            1   avgt   24      43.000             counts
StateWidthGraphBenchmark.directMapBaseline:gc.time                    N/A          N/A           20            1   avgt   24      26.000                 ms
StateWidthGraphBenchmark.directMapBaseline                            N/A          N/A           20           10   avgt   24       0.288 ±    0.005   us/op
StateWidthGraphBenchmark.directMapBaseline:gc.alloc.rate              N/A          N/A           20           10   avgt   24    1590.419 ±   26.489  MB/sec
StateWidthGraphBenchmark.directMapBaseline:gc.alloc.rate.norm         N/A          N/A           20           10   avgt   24     480.002 ±    0.001    B/op
StateWidthGraphBenchmark.directMapBaseline:gc.count                   N/A          N/A           20           10   avgt   24     127.000             counts
StateWidthGraphBenchmark.directMapBaseline:gc.time                    N/A          N/A           20           10   avgt   24      66.000                 ms
StateWidthGraphBenchmark.directMapBaseline                            N/A          N/A           20           50   avgt   24       0.672 ±    0.011   us/op
StateWidthGraphBenchmark.directMapBaseline:gc.alloc.rate              N/A          N/A           20           50   avgt   24    3134.963 ±   51.440  MB/sec
StateWidthGraphBenchmark.directMapBaseline:gc.alloc.rate.norm         N/A          N/A           20           50   avgt   24    2208.004 ±    0.001    B/op
StateWidthGraphBenchmark.directMapBaseline:gc.count                   N/A          N/A           20           50   avgt   24     236.000             counts
StateWidthGraphBenchmark.directMapBaseline:gc.time                    N/A          N/A           20           50   avgt   24     120.000                 ms
StateWidthGraphBenchmark.invoke                                       N/A          N/A            5            1   avgt   24      15.701 ±    0.113   us/op
StateWidthGraphBenchmark.invoke:gc.alloc.rate                         N/A          N/A            5            1   avgt   24    5581.205 ±   39.559  MB/sec
StateWidthGraphBenchmark.invoke:gc.alloc.rate.norm                    N/A          N/A            5            1   avgt   24   91890.776 ±   77.030    B/op
StateWidthGraphBenchmark.invoke:gc.count                              N/A          N/A            5            1   avgt   24     250.000             counts
StateWidthGraphBenchmark.invoke:gc.time                               N/A          N/A            5            1   avgt   24     145.000                 ms
StateWidthGraphBenchmark.invoke                                       N/A          N/A            5           10   avgt   24      27.192 ±    0.657   us/op
StateWidthGraphBenchmark.invoke:gc.alloc.rate                         N/A          N/A            5           10   avgt   24    4287.533 ±   94.749  MB/sec
StateWidthGraphBenchmark.invoke:gc.alloc.rate.norm                    N/A          N/A            5           10   avgt   24  122165.508 ±   83.588    B/op
StateWidthGraphBenchmark.invoke:gc.count                              N/A          N/A            5           10   avgt   24     193.000             counts
StateWidthGraphBenchmark.invoke:gc.time                               N/A          N/A            5           10   avgt   24     114.000                 ms
StateWidthGraphBenchmark.invoke                                       N/A          N/A            5           50   avgt   24      91.982 ±    1.070   us/op
StateWidthGraphBenchmark.invoke:gc.alloc.rate                         N/A          N/A            5           50   avgt   24    3033.209 ±   34.482  MB/sec
StateWidthGraphBenchmark.invoke:gc.alloc.rate.norm                    N/A          N/A            5           50   avgt   24  292533.997 ±  109.645    B/op
StateWidthGraphBenchmark.invoke:gc.count                              N/A          N/A            5           50   avgt   24     165.000             counts
StateWidthGraphBenchmark.invoke:gc.time                               N/A          N/A            5           50   avgt   24      92.000                 ms
StateWidthGraphBenchmark.invoke                                       N/A          N/A           20            1   avgt   24      46.750 ±    0.783   us/op
StateWidthGraphBenchmark.invoke:gc.alloc.rate                         N/A          N/A           20            1   avgt   24    5612.037 ±   91.476  MB/sec
StateWidthGraphBenchmark.invoke:gc.alloc.rate.norm                    N/A          N/A           20            1   avgt   24  275025.961 ±   20.363    B/op
StateWidthGraphBenchmark.invoke:gc.count                              N/A          N/A           20            1   avgt   24     252.000             counts
StateWidthGraphBenchmark.invoke:gc.time                               N/A          N/A           20            1   avgt   24     146.000                 ms
StateWidthGraphBenchmark.invoke                                       N/A          N/A           20           10   avgt   24      77.729 ±    1.795   us/op
StateWidthGraphBenchmark.invoke:gc.alloc.rate                         N/A          N/A           20           10   avgt   24    4381.996 ±   91.903  MB/sec
StateWidthGraphBenchmark.invoke:gc.alloc.rate.norm                    N/A          N/A           20           10   avgt   24  356930.658 ±  189.673    B/op
StateWidthGraphBenchmark.invoke:gc.count                              N/A          N/A           20           10   avgt   24     197.000             counts
StateWidthGraphBenchmark.invoke:gc.time                               N/A          N/A           20           10   avgt   24     117.000                 ms
StateWidthGraphBenchmark.invoke                                       N/A          N/A           20           50   avgt   24     244.771 ±    2.534   us/op
StateWidthGraphBenchmark.invoke:gc.alloc.rate                         N/A          N/A           20           50   avgt   24    3193.546 ±   31.230  MB/sec
StateWidthGraphBenchmark.invoke:gc.alloc.rate.norm                    N/A          N/A           20           50   avgt   24  819649.482 ±  948.883    B/op
StateWidthGraphBenchmark.invoke:gc.count                              N/A          N/A           20           50   avgt   24     174.000             counts
StateWidthGraphBenchmark.invoke:gc.time                               N/A          N/A           20           50   avgt   24     100.000                 ms

Benchmark result is saved to <HOME>/workspace/indi/java/agentic-spring-ai-benchmark/results/20260903T065000Z/graph/jmh.json
